Epoch,First Derivative Mean Motion,Inclination (degrees),Right Ascension of the Ascending Node (degrees),Argument of Perigee (degrees),Mean Anomaly (degrees),Eccentricity,Mean Motion (revolutions per day),Revolution Number at Epoch
2022-12-31,0.00015684,51.644800000000004,77.04235,208.40055,320.4631,0.00052505,15.497978105000001,37584.5
2023-01-01,0.00016612666666666667,51.64456666666666,74.15113333333333,211.10356666666667,277.2930666666667,0.0005189333333333333,15.4982214,37593.666666666664
2023-01-02,0.000174914,51.644679999999994,69.55484,215.69364000000002,221.64474,0.00051118,15.498583501999999,37608.0
2023-01-03,0.00016237199999999998,51.644859999999994,64.71342,219.86414,202.58388,0.0004992200000000001,15.498873545999999,37623.2
2023-01-04,0.00014167,51.64474,59.07226000000001,225.67,219.52978,0.00049668,15.499122843999999,37640.8
2023-01-05,0.00013874,51.64482,54.69776,228.97012,250.77084,0.00049024,15.499368358000002,37654.6
2023-01-06,0.00014765166666666667,51.64505,49.61471666666667,232.61725,252.8807833333333,0.00048535,15.499716936666667,37670.333333333336
2023-01-07,0.000143605,51.64605,44.346875,231.079675,259.35722499999997,0.0005651499999999999,15.500040004999999,37687.0
2023-01-08,0.000140536,51.64512,39.853320000000004,237.089,271.20034,0.0005127599999999999,15.500273722,37701.0
2023-01-09,0.00013271500000000002,51.64541666666667,34.734183333333334,241.85580000000002,215.97586666666666,0.00048755,15.500533426666665,37717.166666666664
2023-01-10,0.000129235,51.644733333333335,29.874433333333332,244.68541666666667,229.70946666666669,0.00048274999999999994,15.500781816666667,37732.333333333336
2023-01-11,0.00013357,51.644259999999996,24.39848,250.02591999999999,180.06826,0.00047692000000000003,15.501103771999999,37749.4
2023-01-12,0.00013961199999999998,51.64432000000001,20.21292,255.66819999999998,212.50956000000002,0.0004661,15.50137384,37762.6
2023-01-13,0.000147682,51.64448,14.7334,261.57138,189.88068,0.00045991999999999995,15.501738036,37779.6
2023-01-14,0.00014860400000000002,51.64428,9.94668,265.57144,180.6391,0.00045432,15.502039980000001,37794.6
2023-01-15,0.000155835,51.64511666666667,4.9173,269.79558333333335,191.10195,0.0004549833333333333,15.502392768333332,37810.5
2023-01-16,0.00017042333333333333,51.64566666666667,180.07543333333334,274.36476666666664,183.08900000000003,0.0004475,15.502796123333333,37825.5
2023-01-17,0.00020332,51.64511666666667,355.0438,280.99156666666664,142.58763333333334,0.0004555,15.503311456666665,37841.333333333336
2023-01-18,0.00019558666666666665,51.644666666666666,350.2828333333334,274.76225,179.59421666666665,0.00046348333333333337,15.502739091666667,37856.166666666664
2023-01-19,0.00037283,51.6436,345.42973333333333,247.89106666666666,220.72571666666667,0.0005119,15.498429563333334,37871.5
2023-01-20,0.000189862,51.643820000000005,340.23310000000004,257.00286,198.3776,0.00050186,15.498774848,37887.8
2023-01-21,0.00022922666666666666,51.643750000000004,335.24885,262.6363666666667,218.77871666666667,0.00048801666666666667,15.499274198333334,37903.333333333336
2023-01-22,0.00022260857142857143,51.644,330.236,265.9411857142857,171.8034857142857,0.0004835857142857143,15.49972629857143,37919.0
2023-01-23,0.00023133666666666668,51.64471666666666,324.70385000000005,270.00714999999997,212.70176666666666,0.00047755,15.500285181666667,37936.333333333336
2023-01-24,0.00024105,51.64528333333334,320.50471666666664,273.7531666666667,201.86836666666667,0.0004788166666666667,15.500734889999999,37949.5
2023-01-25,0.0002466533333333333,51.64541666666667,315.5099666666667,277.60195,186.73671666666667,0.00047926666666666664,15.501258756666667,37965.0
2023-01-26,0.000244388,51.64567999999999,311.57172,280.69796,217.51848,0.00047818000000000003,15.501639032,37977.4
2023-01-27,0.00022144399999999998,51.64416,305.55841999999996,284.3721,151.92806000000002,0.00048211999999999994,15.502118131999998,37996.0
2023-01-28,0.00020623333333333335,51.64391666666666,300.7085333333334,284.96883333333335,181.35703333333333,0.0004882666666666667,15.502463825,38011.5
2023-01-29,0.000169075,51.64328333333333,295.74713333333335,287.8292666666667,192.01873333333333,0.0004655833333333333,15.502687146666666,38027.0
2023-01-30,0.000148826,51.64336000000001,290.57628,292.13338,181.4655,0.00046288,15.502937408,38043.2
2023-01-31,0.00012377833333333333,51.643566666666665,285.6792,295.8698166666667,187.20759999999999,0.00047835,15.503114853333335,38058.5
2023-02-01,0.00011948857142857143,51.64367142857143,280.62744285714285,301.8730142857143,138.28442857142858,0.00048279999999999997,15.503347358571428,38074.28571428572
2023-02-02,0.0001134675,51.6428,275.998425,305.4232,194.059775,0.000481275,15.5035401625,38088.75
2023-02-03,-0.0020926666666666667,51.641016666666665,270.5729166666667,311.50466666666665,148.90053333333333,0.0007033333333333333,15.499310361666666,38105.833333333336
2023-02-04,0.0001734025,51.642675,265.40765,313.493225,155.96895,0.000861175,15.495944847499999,38122.0
2023-02-05,0.000117915,51.642583333333334,260.882,316.38373333333334,157.65353333333334,0.0008222,15.496105561666667,38136.166666666664
2023-02-06,0.00011808499999999999,51.64265,256.00195,320.0064,134.22236666666666,0.00082555,15.496345875000001,38151.5
2023-02-07,0.00016421,51.6427,251.03813333333335,323.4555666666667,145.72438333333335,0.0008214833333333333,15.496714368333334,38166.833333333336
2023-02-08,0.00018285,51.64308333333333,246.21031666666667,327.32195,125.15343333333333,0.0008137999999999999,15.497120268333333,38182.0
2023-02-09,0.00020611333333333333,51.64261666666667,240.81251666666665,331.854,146.08259999999999,0.0008232000000000001,15.497618251666667,38199.0
2023-02-10,0.000205475,51.6425,235.947775,334.476375,135.59115,0.0008294,15.49803922,38214.25
2023-02-11,0.00021461666666666666,51.64241666666666,231.54396666666665,338.72476666666665,144.40061666666668,0.0008491166666666667,15.498459358333333,38228.0
2023-02-12,0.000271332,51.64162,225.56527999999997,343.18898,183.12282,0.0009061,15.499205462,38246.6
2023-02-13,0.000245904,51.64228000000001,220.9801,346.65434,93.00692,0.0009120599999999999,15.499630108,38261.0
2023-02-14,0.0002449857142857143,51.64154285714285,216.06795714285713,349.41348571428574,144.7452,0.0009132857142857144,15.500108990000001,38276.42857142857
2023-02-15,0.000233404,51.64041999999999,211.00954000000002,353.31036,91.01518000000002,0.00092172,15.500550667999999,38292.4
2023-02-16,0.000229485,51.639649999999996,206.351,356.224925,174.13945,0.000933775,15.500978974999999,38306.75
2023-02-17,0.00023464666666666667,51.6394,201.52613333333332,179.93078333333332,118.02389999999998,0.0009412666666666667,15.501455956666666,38322.0
2023-02-18,0.00019057666666666667,51.63936666666667,196.4642,3.3889666666666667,120.87519999999999,0.0009526166666666666,15.501812738333333,38337.833333333336
2023-02-19,0.00017853166666666667,51.639266666666664,190.80435,7.045316666666667,72.79233333333333,0.0009661833333333333,15.502183891666666,38355.666666666664
2023-02-20,-0.002419155,51.638149999999996,185.933275,11.274675,128.688075,0.000577575,15.491305515,38370.75
2023-02-21,0.00019733799999999997,51.6386,181.93688,12.78612,86.10882,0.0005180600000000001,15.491851403999998,38383.4
2023-02-22,0.00016288499999999998,51.6386,176.73771666666667,16.356183333333334,147.30778333333333,0.0005254333333333333,15.492170631666667,38399.5
2023-02-23,0.00018331142857142858,51.638914285714286,172.11934285714284,19.512942857142857,132.64067142857144,0.0005379285714285715,15.492517924285716,38414.0
2023-02-24,0.0001801557142857143,51.638914285714286,166.96852857142858,23.094114285714284,124.85841428571429,0.0005429571428571428,15.492886698571429,38430.142857142855
2023-02-25,0.00018433666666666665,51.63916666666666,161.82036666666667,28.08235,96.197,0.0005472833333333333,15.493261456666666,38446.333333333336
2023-02-26,0.000173585,51.639100000000006,157.0391,31.1122,84.2568,0.00055055,15.493592986666668,38461.333333333336
2023-02-27,0.00017578333333333334,51.63915,151.92198333333332,34.35443333333333,150.17353333333332,0.00055855,15.493975,38477.333333333336
2023-02-28,0.00026058,51.64053333333334,146.88473333333334,37.66203333333333,69.82705,0.0005527833333333333,15.494683221666667,38493.166666666664
2023-03-01,0.0002913633333333333,51.64123333333333,141.92856666666668,42.40766666666667,73.99426666666666,0.0005950666666666666,15.495383703333333,38508.666666666664
2023-03-02,0.0002695133333333333,51.641,137.89983333333336,41.9021,55.41143333333334,0.0006130666666666666,15.495741306666666,38521.333333333336
2023-03-03,0.000208445,51.640924999999996,131.175175,51.230025,98.586325,0.000599275,15.4961683,38542.25
2023-03-04,0.00021894,51.64132857142857,126.76082857142858,54.78371428571428,121.44302857142857,0.0005900714285714286,15.496605622857142,38556.142857142855
2023-03-05,0.00022578500000000002,51.64098333333334,121.63935,58.81841666666667,131.68423333333334,0.0005861333333333333,15.497101083333334,38572.0
2023-03-06,-0.0007013424999999999,51.64135,116.501875,53.249449999999996,172.355075,0.000555275,15.494980195,38588.0
2023-03-07,-0.000536832,51.640480000000004,112.37524,50.060159999999996,78.9748,0.00067284,15.493559346000001,38601.2
2023-03-08,0.000193755,51.6407,107.45915000000001,52.33848333333333,51.039883333333336,0.0006731833333333334,15.494000645,38616.666666666664
2023-03-09,0.000565035,51.6359,102.797875,63.883325,141.5005,0.00052985,15.4909981725,38631.0
2023-03-10,0.000215575,51.640566666666665,97.67905,68.9304,142.82263333333333,0.0005646666666666667,15.491277683333331,38647.333333333336
2023-03-11,0.000214754,51.6404,92.21224,72.63094,112.55582,0.00056182,15.491745122000001,38664.4
2023-03-12,0.00021221833333333331,51.64066666666667,87.6501,76.21815,45.68515,0.0005750666666666667,15.492141306666667,38678.666666666664
2023-03-13,0.0002110575,51.640475,83.04622499999999,78.93185,253.319925,0.0005859,15.4924950275,38693.25
2023-03-14,0.0001924875,51.6402,79.173025,82.44235,26.820175,0.000577625,15.492757045000001,38705.25
2023-03-15,0.00022290833333333334,51.64065,72.27576666666667,93.83683333333333,209.53085,0.0006011666666666666,15.491510669999998,38726.833333333336
2023-03-16,0.0001806183333333333,51.64021666666667,67.97415,98.2414,195.49221666666668,0.0006058,15.491820169999999,38740.333333333336
2023-03-17,0.00020560857142857143,51.64077142857143,61.9131,101.91677142857144,125.91285714285716,0.0006071999999999999,15.49236872857143,38759.28571428572
2023-03-18,0.000188854,51.640679999999996,57.61504,106.17764,143.83872,0.00060636,15.492646244,38772.8
2023-03-19,0.00017710833333333333,51.64058333333333,53.17411666666666,109.83323333333334,71.70103333333334,0.0006194999999999999,15.492921051666668,38786.666666666664
2023-03-20,0.000159422,51.64088,47.848040000000005,111.96242,207.23322,0.00061462,15.493206386,38803.4
2023-03-21,0.00015308166666666668,51.641549999999995,43.02491666666666,115.67205000000001,230.5217,0.0006128666666666667,15.493489258333334,38818.5
2023-03-22,0.00015589,51.64163333333334,38.1141,119.14580000000001,124.25321666666667,0.0006072833333333333,15.493819778333332,38833.833333333336
2023-03-23,0.00016618,51.64194,33.02576,122.94575999999999,205.86017999999999,0.00060362,15.494211486000001,38849.8
2023-03-24,0.00018057666666666667,51.6424,28.32665,126.35316666666667,234.95076666666668,0.0006051166666666667,15.494618458333335,38864.333333333336
2023-03-25,0.00022968799999999997,51.64238,23.526600000000002,128.87358,186.62914,0.00059628,15.495209650000001,38879.6
2023-03-26,0.00025834833333333336,51.64283333333333,18.422166666666666,133.27475,235.0575,0.0005770333333333333,15.49582609,38895.333333333336
2023-03-27,0.00024946,51.64291666666666,13.512083333333335,136.40256666666667,186.17533333333336,0.0005816333333333333,15.496287306666666,38910.833333333336
2023-03-28,0.0002415525,51.642825,8.2762625,140.7386375,177.0559625,0.000581775,15.49674781125,38927.25
2023-03-29,0.0003656533333333334,51.64255,3.313383333333334,145.6003,218.6949666666667,0.0005735166666666667,15.49761221,38942.833333333336
2023-03-30,0.0006336033333333334,51.64218333333333,179.30034999999998,146.90626666666665,182.21908333333332,0.0005990833333333333,15.497203653333335,38955.333333333336
2023-03-31,-0.0001897616666666667,51.641400000000004,353.95533333333333,136.58935,221.39476666666667,0.0007122333333333333,15.492965575,38972.166666666664
2023-04-01,0.00023233666666666665,51.64203333333334,348.75053333333335,141.64623333333336,143.95186666666666,0.0007161,15.493623576666666,38988.5
2023-04-02,0.0002464566666666667,51.64318333333333,343.71568333333335,145.02906666666667,238.05931666666666,0.0007026166666666667,15.494122496666668,39004.166666666664
2023-04-03,0.00023222666666666665,51.643033333333335,338.59380000000004,149.32956666666666,189.10593333333335,0.0006940666666666668,15.494582336666667,39020.333333333336
2023-04-04,0.00021915,51.642585714285715,334.25461428571424,152.62470000000002,327.2482428571429,0.0007021571428571429,15.494919904285714,39033.857142857145
2023-04-05,0.00018595500000000002,51.64268333333334,328.86235,156.6533,294.00106666666665,0.0006889,15.495228438333333,39050.666666666664
2023-04-06,0.00016422666666666668,51.64233333333333,324.0117333333333,160.01148333333333,240.89706666666666,0.0006762666666666667,15.495489041666668,39066.0
2023-04-07,0.00017065833333333334,51.6407,319.01503333333335,164.52918333333335,230.4801666666667,0.00064965,15.49582666,39081.5
2023-04-08,0.00015721333333333333,51.64013333333333,314.1297666666667,168.18546666666666,273.9669333333333,0.0006551833333333333,15.496110186666668,39097.0
2023-04-09,0.00014480666666666668,51.63936666666667,309.1476833333333,172.78176666666664,246.98738333333333,0.0006510166666666667,15.496359695,39112.5
2023-04-10,0.00013255166666666668,51.63906666666667,304.0045333333333,177.17395,278.99148333333335,0.0006451166666666667,15.496600771666666,39128.666666666664
2023-04-11,0.00013488333333333332,51.63906666666667,297.9347666666667,181.8572333333333,276.1853,0.0006324999999999999,15.496952053333333,39147.666666666664
2023-04-12,0.00014004400000000003,51.63938,294.87366000000003,183.51156,294.70658,0.0006338,15.497151941999999,39157.2
2023-04-13,0.00014111666666666666,51.63923333333333,288.67823333333337,188.02033333333335,266.36643333333336,0.0006276666666666667,15.497523613333334,39176.666666666664
2023-04-14,0.000152895,51.63915,285.68365,190.4567,279.34185,0.0006269,15.497745005,39186.0
2023-04-15,0.00016374,51.63906666666667,278.7692333333334,195.6680666666667,266.83459999999997,0.0006256666666666666,15.49826064,39207.666666666664
2023-04-16,0.000187094,51.63922,273.94686,199.51078,252.12552,0.0006111199999999999,15.498695492000001,39222.6
2023-04-17,0.0002131175,51.6393,268.52535,203.0042,167.046725,0.0006096,15.499186755,39239.75
2023-04-18,0.00019449,51.639266666666664,264.18463333333335,207.2877,255.23463333333333,0.0006059333333333334,15.499507716666665,39253.333333333336
2023-04-19,0.00023091666666666668,51.63876666666667,259.09746666666666,211.24736666666664,226.40213333333335,0.0006334,15.499945109999999,39269.333333333336
2023-04-20,0.000199434,51.638760000000005,254.677,214.99566,281.91234,0.00061794,15.500279122,39283.0
2023-04-21,0.00019433999999999999,51.639425,249.033875,219.10485,250.393125,0.00061705,15.5006987475,39300.75
2023-04-22,0.000204125,51.640575,244.4827,223.980175,244.101325,0.000606975,15.50113389,39314.75
2023-04-23,0.00020023,51.64125,238.76565,228.66334999999998,203.0814,0.00059365,15.50163311,39332.5
2023-04-24,0.0003588,51.63956666666667,234.58453333333333,233.13973333333334,232.4942,0.0005882333333333333,15.502187466666667,39346.0
2023-04-25,0.000314225,51.6385,230.45785,237.48855,196.42340000000002,0.0005798,15.502700595,39359.0
2023-04-26,0.00025379,51.6402,224.55,240.44705,185.0382,0.00061405,15.503198765,39377.5
2023-04-27,0.00019896250000000002,51.63975,219.048725,248.06775,260.669775,0.000537175,15.503550805,39394.5
2023-04-28,0.000212852,51.6395,214.37092,251.88868000000002,161.28584,0.0005381,15.50398903,39409.2
2023-04-29,0.0002052375,51.639475000000004,210.052425,255.182125,216.85115,0.000540825,15.504326465,39422.75
2023-04-30,-0.0005133620000000001,51.638819999999996,204.56914,288.9824,157.49732,0.0005849,15.497916862,39439.8
2023-05-01,0.00017081800000000002,51.63974,200.11986,290.60994,203.0502,0.0005698,15.49830255,39453.8
2023-05-02,0.00013538000000000002,51.64013333333333,195.39316666666664,295.50953333333337,171.8697666666667,0.0005814,15.498527006666668,39468.666666666664
2023-05-03,0.0001325442857142857,51.64098571428571,190.48492857142855,299.66775714285717,178.1030142857143,0.000596142857142857,15.498795725714286,39484.0
2023-05-04,0.00047229875000000005,51.640125,185.9429375,304.8401375,163.0183875,0.0006026375,15.49910103375,39498.25
2023-05-05,-0.0004801466666666666,51.640433333333334,179.94816666666668,310.89166666666665,165.11913333333334,0.0006048666666666667,15.49914683,39517.0
2023-05-06,0.00012347333333333332,51.64156666666667,175.35523333333333,313.6466666666667,175.08720000000002,0.0006081333333333333,15.499558596666667,39531.333333333336
2023-05-07,0.0001839425,51.641,170.514725,318.443725,169.08175,0.00064015,15.500005095,39546.5
2023-05-08,0.000169745,51.640575,165.886725,322.05125,159.79065,0.000628375,15.500296967499999,39561.0
2023-05-09,0.0001480866666666667,51.63993333333334,161.22323333333335,326.9925,132.68946666666668,0.0006203333333333333,15.500535403333332,39575.666666666664
2023-05-10,0.00014466499999999998,51.640100000000004,154.70695,332.11315,150.09375,0.0006303,15.50090936,39596.0
2023-05-11,0.000145375,51.639975,150.141425,335.649625,161.597325,0.000633,15.501191925,39610.25
2023-05-12,0.00014831,51.64006666666666,145.35236666666665,339.87149999999997,124.38176666666668,0.0006349,15.501496533333333,39625.333333333336
2023-05-13,0.000143335,51.640166666666666,140.55286666666666,344.33545000000004,129.0564,0.0006430666666666667,15.501759356666668,39640.333333333336
2023-05-14,0.000135728,51.64054,136.13134,347.09572,117.19333999999999,0.00065558,15.501980928,39654.2
2023-05-15,0.00013201,51.6404,130.76523333333333,350.6103,111.43636666666667,0.0006541166666666666,15.50226241,39671.0
2023-05-16,0.00012983714285714286,51.640457142857144,126.19845714285714,353.7919714285714,110.14022857142858,0.0006467857142857143,15.502499451428573,39685.28571428572
2023-05-17,0.00011168857142857143,51.63944285714285,120.85322857142857,356.66485714285716,64.64144285714285,0.0006494428571428571,15.502700841428572,39702.142857142855
2023-05-18,-0.0004834257142857143,51.63988571428571,115.93318571428571,256.6248142857143,57.40507142857143,0.0006562857142857143,15.502391812857143,39717.57142857143
2023-05-19,0.0003253442857142857,51.63907142857143,110.7496,356.02257142857144,84.56464285714286,0.0004973,15.499973802857143,39733.71428571428
2023-05-20,0.00013336833333333332,51.63968333333333,106.09831666666666,120.72031666666668,60.300000000000004,0.0005230166666666667,15.500141413333333,39748.333333333336
2023-05-21,0.00014275285714285716,51.64031428571428,100.78784285714286,5.121214285714286,141.56062857142857,0.0005236714285714285,15.50047125,39764.857142857145
2023-05-22,0.00019713875,51.64035,96.1982375,6.8318125,216.07815,0.0005338375000000001,15.50078816125,39779.25
2023-05-23,0.00014769999999999999,51.64094285714286,90.74337142857144,11.644185714285713,141.03842857142857,0.0005380571428571429,15.501112704285715,39796.28571428572
2023-05-24,0.00014401333333333334,51.64151666666667,86.13585,15.087133333333334,100.76859999999999,0.00053995,15.50137849,39810.666666666664
2023-05-25,0.00013709,51.6409,80.79152500000001,18.121675,152.1391,0.00054015,15.5016473475,39827.5
2023-05-26,0.0001236857142857143,51.640885714285716,75.63477142857143,20.726300000000002,187.93795714285713,0.0005486428571428571,15.501877855714286,39843.57142857143
2023-05-27,0.0001145957142857143,51.64055714285714,71.12677142857142,25.274385714285717,171.86498571428572,0.0005428714285714286,15.50208380857143,39857.71428571428
2023-05-28,0.00011453555555555555,51.64108888888889,66.48341111111111,28.886988888888894,195.1849,0.0005378888888888889,15.502288945555556,39872.22222222222
2023-05-29,0.0001334975,51.64175,61.276575,31.7958,214.2492375,0.000541175,15.50259113125,39888.625
2023-05-30,0.00014887833333333331,51.642050000000005,56.18548333333334,35.17613333333333,110.714,0.0005418166666666667,15.502933776666666,39904.5
2023-05-31,0.0002675257142857143,51.64064285714286,51.05117142857143,35.78265714285714,155.43085714285715,0.0005693428571428572,15.503424277142857,39920.57142857143
2023-06-01,0.000276315,51.64073333333334,46.98611666666667,40.76476666666667,153.20381666666665,0.0005249333333333333,15.503713411666666,39933.166666666664
2023-06-02,0.000180802,51.64110000000001,41.04183,44.03144999999999,187.53762999999998,0.0005394,15.504124443,39951.9
2023-06-03,0.00015751375,51.6419,36.3498625,45.738725,163.7632875,0.0005494375,15.50443215,39966.625
2023-06-04,0.00023549,51.641470000000005,31.5075,50.26673,161.01761,0.00054139,15.504727266,39981.8
2023-06-05,0.00013755333333333335,51.64173333333334,26.925366666666665,53.67086666666666,182.13738333333333,0.0005446166666666667,15.50493606,39996.0
2023-06-06,0.00013552749999999999,51.64145,21.932925,55.1868875,151.1535625,0.0005447,15.50525149125,40011.75
2023-06-07,0.00019295899999999998,51.641560000000005,16.67097,60.27626,161.55617,0.00053393,15.505648101,40028.2
2023-06-08,0.00014550857142857143,51.641485714285714,10.990885714285714,63.23701428571429,158.50532857142858,0.0005418714285714285,15.505942412857141,40046.0
2023-06-09,0.00014719142857142858,51.64172857142857,6.527028571428572,65.7702,194.62774285714286,0.0005368857142857142,15.506199772857142,40060.0
2023-06-10,0.00014278333333333333,51.641600000000004,121.03339999999999,69.74669999999999,233.62418333333335,0.0005386333333333333,15.50652,40077.166666666664
2023-06-11,0.00014668800000000002,51.6418,356.693,71.52926,154.03032000000002,0.00053346,15.506772483,40090.7
2023-06-12,0.00012341857142857143,51.64178571428572,351.6161857142857,75.6033,163.90922857142854,0.0005322428571428572,15.50700684857143,40106.57142857143
2023-06-13,0.00012431625,51.6415125,346.2039375,78.409375,97.9104625,0.0005303375,15.507277455,40123.5
2023-06-14,0.00011509,51.64091666666667,341.24468333333334,80.99836666666667,252.47298333333333,0.0005284666666666666,15.507526884999999,40139.166666666664
2023-06-15,0.0001499225,51.641175000000004,336.7053625,82.5224875,173.9392,0.000533575,15.50778852375,40153.25
2023-06-16,9.324666666666666e-05,51.64138333333333,331.44138333333336,57.21606666666667,100.56581666666666,0.00048845,15.502103178333334,40169.666666666664
2023-06-17,0.0003265125,51.641825,326.1180875,54.753475,115.16565,0.000435975,15.50141310375,40186.375
2023-06-18,0.00012870714285714285,51.641371428571425,321.5789,55.153914285714286,188.37811428571428,0.0004488571428571428,15.50153962,40200.57142857143
2023-06-19,0.00010897375,51.64185,316.795025,58.8177,224.26057500000002,0.0004555125,15.5017771825,40215.625
2023-06-20,0.00014805571428571428,51.64182857142857,311.7332,62.62239999999999,163.02211428571428,0.00045544285714285715,15.502115384285714,40231.142857142855
2023-06-21,0.00015380875,51.6424,306.6659625,65.56745000000001,154.083275,0.00045975000000000003,15.5024507675,40247.0
2023-06-22,0.00021114714285714285,51.64315714285715,301.8735571428571,67.75498571428571,109.11527142857143,0.0004575571428571428,15.502808794285714,40262.142857142855
2023-06-23,0.00013021000000000002,51.6409625,297.082275,70.62162500000001,242.13025,0.0004617875,15.5019485775,40277.375
2023-06-24,0.00022394000000000003,51.64174444444445,292.3568666666667,73.59168888888888,147.07613333333333,0.00046677777777777776,15.503509031111113,40292.0
2023-06-25,0.00020768599999999998,51.641920000000006,287.19052,77.25822000000001,156.40792000000002,0.00045374000000000006,15.503995772,40308.2
2023-06-26,0.00025509833333333336,51.641866666666665,282.55405,81.8186,141.51821666666666,0.00046229999999999996,15.504442476666668,40322.666666666664
2023-06-27,0.00017230499999999998,51.641016666666665,277.67608333333334,82.68708333333333,237.78578333333334,0.00047125000000000004,15.504711443333333,40338.0
2023-06-28,0.000158335,51.64125,272.73787500000003,85.999025,157.071925,0.0004690875,15.505010434999999,40353.375
2023-06-29,0.00014553399999999998,51.64212,267.39654,89.01953999999999,121.33912000000001,0.00045804,15.505320598,40370.0
2023-06-30,0.00014747,51.64205,260.7552,92.50075,146.28605,0.0004747,15.505719540000001,40390.5
2023-07-01,0.00010595,51.64201666666667,257.72561666666667,93.30945000000001,79.56528333333334,0.00047016666666666664,15.505847015,40400.333333333336
2023-07-02,0.00010744666666666667,51.64195,252.65258333333335,95.90633333333334,150.30018333333334,0.0004669333333333333,15.506024593333334,40416.166666666664
2023-07-03,9.4356e-05,51.64118,247.49258,99.06354,214.69382000000002,0.00046689999999999996,15.506200494000002,40432.4
2023-07-04,0.00048025333333333336,51.64000000000001,242.9417,100.31993333333332,110.33149999999999,0.0004662,15.506507176666666,40446.666666666664
2023-07-05,-0.0004395033333333333,51.63891666666667,237.98476666666667,92.10981666666667,246.62156666666667,3.8316666666666665e-05,15.495387305,40462.0
2023-07-06,0.00010418125,51.6398875,232.9663625,39.620962500000005,105.70519999999999,3.6775e-05,15.4956787,40477.875
2023-07-07,0.00010288,51.640425,227.888725,49.686225,149.03494999999998,2.385e-05,15.4958927275,40493.5
2023-07-08,0.00010584666666666667,51.6402,222.7268333333333,83.44144999999999,174.21161666666663,2.216666666666667e-05,15.496126038333335,40509.833333333336
2023-07-09,0.00010234,51.6404,217.98402857142855,86.81202857142857,141.96968571428573,2.2157142857142858e-05,15.496326215714285,40524.71428571428
2023-07-10,9.356142857142857e-05,51.64077142857143,213.0688714285714,96.69974285714285,220.95125714285714,2.0842857142857144e-05,15.496506537142858,40540.0
2023-07-11,0.00010449714285714286,51.64095714285714,208.12317142857142,67.8672142857143,169.98222857142855,2.0171428571428573e-05,15.496697915714284,40555.57142857143
2023-07-12,8.934333333333334e-05,51.64163333333334,203.31428333333335,68.03178333333334,112.97035000000001,3.171666666666667e-05,15.496858508333332,40570.666666666664
2023-07-13,0.000111595,51.64135,197.15890000000002,63.96755,37.4844,3.29e-05,15.497171640000001,40590.0
2023-07-14,0.00011119833333333334,51.64103333333333,193.33084999999997,73.86355,141.83971666666665,2.6983333333333333e-05,15.497330846666665,40602.0
2023-07-15,0.00010951166666666667,51.640233333333335,188.49941666666666,63.74645,198.73745,3.451666666666667e-05,15.497564169999999,40617.0
2023-07-16,0.00010867857142857143,51.63972857142857,183.57729999999998,74.82654285714285,165.8870142857143,4.051428571428572e-05,15.497802597142856,40632.42857142857
2023-07-17,0.00017383,51.64021666666667,178.69781666666665,66.2535,85.08613333333334,4.576666666666667e-05,15.498106536666667,40647.666666666664
2023-07-18,0.00014228,51.64038333333334,173.39721666666665,78.96415,168.47388333333333,3.518333333333333e-05,15.498381046666667,40664.333333333336
2023-07-19,0.00020707875,51.6401,168.17395,54.3342125,142.5008875,6.01375e-05,15.498728595,40680.75
2023-07-20,0.000115485,51.640475,163.739075,70.53649999999999,173.94662499999998,4.4449999999999996e-05,15.4988687525,40694.75
2023-07-21,0.00012676166666666667,51.641016666666665,158.90995,70.01488333333333,185.78209999999999,4.695e-05,15.499120143333334,40709.833333333336
2023-07-22,0.0001193,51.6411,155.4137,72.9869,282.0755,5.23e-05,15.49927938,40720.0
2023-07-24,0.00012724,51.6417,143.2886,81.2371,260.8567,4.22e-05,15.49994356,40758.0
2023-07-25,0.00013139,51.6396,139.7648,55.6182,304.483,2.43e-05,15.50013867,40769.0
2023-07-26,0.000153725,51.64075,133.17444999999998,51.49325,172.60755,4.34e-05,15.50055661,40790.0
2023-07-27,0.00047269428571428574,51.64041428571428,128.9963857142857,87.4864,217.23067142857144,8.910000000000001e-05,15.500043884285715,40803.42857142857
2023-07-28,0.000416885,51.64015,123.84133750000001,149.6039125,202.5094,0.0001275,15.4985738575,40819.5
2023-07-29,0.00037035,51.64075,119.17241666666666,148.69993333333332,199.26365,0.00011296666666666667,15.498820523333334,40834.166666666664
2023-07-30,0.000179312,51.6404,114.52601999999999,141.11322,151.45524,0.00010184,15.499125776,40848.6
2023-07-31,0.00018867000000000002,51.64091666666667,109.58998333333334,144.6898,264.13966666666664,0.00010811666666666666,15.499525486666668,40864.166666666664
2023-08-01,0.000192856,51.64124,104.38181999999999,146.61007999999998,274.35626,0.00010402,15.499951964000001,40880.4
2023-08-02,0.00018115571428571427,51.64107142857143,99.40832857142857,149.22001428571429,233.42345714285716,8.412857142857142e-05,15.500320434285713,40896.0
2023-08-03,0.0001935975,51.6408,94.04825,159.039325,291.877,9.6925e-05,15.5007200025,40912.875
2023-08-04,0.000169064,51.64104,89.02698000000001,160.55548000000002,287.78576000000004,9.286e-05,15.501016342,40928.6
2023-08-05,0.0001833375,51.640875,84.0191125,162.91128750000001,249.8270875,8.7175e-05,15.50137817625,40944.25
2023-08-06,0.0018790099999999998,51.64195,79.066575,150.37355,221.05985,6.7225e-05,15.5006592125,40959.75
2023-08-07,4.579833333333334e-05,51.6413,74.40458333333333,62.37498333333334,103.44108333333334,3.0183333333333336e-05,15.500128095,40974.333333333336
2023-08-08,0.00020516571428571428,51.642,69.81427142857143,50.835885714285716,100.27311428571429,3.8485714285714284e-05,15.500468960000001,40988.71428571428
2023-08-09,0.00032960625,51.642275,65.130825,88.084175,102.2452625,4.1775e-05,15.500690765,41003.375
2023-08-10,0.00013928571428571427,51.641685714285714,59.61797142857143,121.66737142857143,102.30697142857142,2.4485714285714286e-05,15.500896807142857,41020.57142857143
2023-08-11,0.0003787016666666667,51.64128333333334,54.44338333333334,177.23923333333335,160.33001666666667,0.00013018333333333334,15.498405643333333,41036.833333333336
2023-08-12,-0.00024202,51.6408,49.3152875,294.8188125,174.9682875,0.00032905,15.492802335,41052.875
2023-08-13,0.00018849833333333332,51.640350000000005,44.7765,301.90191666666664,137.93755000000002,0.0003389666666666667,15.493227653333333,41067.166666666664
2023-08-14,0.00012626666666666665,51.64071666666666,39.03825,303.57161666666667,130.13493333333335,0.00034723333333333333,15.493462591666665,41085.166666666664
2023-08-15,-5.043399999999999e-05,51.63958,34.09158,305.92147,115.65815,0.00032352,15.493583333999998,41100.6
2023-08-16,0.00011655166666666666,51.63986666666667,29.260199999999998,311.25045,169.22791666666666,0.00034074999999999996,15.493909026666666,41115.666666666664
2023-08-17,0.00013087833333333334,51.640449999999994,24.833516666666668,316.02523333333335,114.68723333333332,0.00034793333333333335,15.494165333333333,41129.5
2023-08-18,0.000137185,51.6409375,19.3541125,321.1914875,137.60772500000002,0.0003535625,15.49450036875,41146.75
2023-08-19,0.000136435,51.6414,14.44655,325.8011833333333,116.90596666666666,0.00036471666666666665,15.494788125,41162.0
2023-08-20,0.00013718428571428572,51.64152857142857,9.8262,329.6505714285714,134.7034857142857,0.0003590714285714286,15.495048641428571,41176.42857142857
2023-08-21,0.00013928333333333332,51.64236666666667,4.591166666666667,331.97021666666666,122.15206666666666,0.00037848333333333336,15.495346481666667,41193.0
2023-08-22,0.00014346875,51.6422375,224.5071125,337.0198375,92.422875,0.0003862375,15.4956511025,41208.875
2023-08-23,0.00014006999999999998,51.6422,355.78226666666666,341.31940000000003,84.53473333333334,0.00037106666666666667,15.495864663333334,41220.666666666664
2023-08-24,0.00037482499999999996,51.647499999999994,348.75845,352.2464,134.0822,0.0004233,15.496782615,41242.5
2023-08-25,0.00032896,51.64038571428572,344.7259714285714,353.2595428571429,80.81688571428572,0.0005054142857142857,15.49892909,41255.142857142855
2023-08-26,0.00022596125,51.6417,339.93315,268.60188750000003,89.429775,0.0004975375,15.49939468375,41270.125
2023-08-27,0.00022608250000000002,51.642137500000004,335.25395,3.48635,92.0327875,0.00049275,15.4998199375,41284.875
2023-08-28,0.00022774833333333332,51.643,330.7938833333333,6.486166666666667,150.96906666666666,0.0005022333333333334,15.500241108333334,41298.666666666664
2023-08-29,0.0001676475,51.643175,325.10618750000003,9.381874999999999,138.187675,0.000512025,15.50058031625,41316.625
2023-08-30,0.000147295,51.643074999999996,320.520525,14.196025,82.12535,0.000501175,15.500828535,41331.0
2023-08-31,0.00023013000000000002,51.643100000000004,315.87781666666666,18.17963333333333,89.55228333333334,0.0005045333333333333,15.501089024999999,41345.5
2023-09-01,0.00013833166666666667,51.64308333333333,310.75124999999997,21.8587,101.7496,0.0005152833333333333,15.501287056666667,41361.5
2023-09-02,0.00012294714285714285,51.642985714285714,305.7535857142857,24.097171428571432,99.82094285714285,0.0005269714285714286,15.501522897142857,41377.142857142855
2023-09-03,0.00012557,51.64282000000001,300.84246,25.55266,69.70306000000001,0.00054738,15.501803610000001,41392.6
2023-09-04,0.000135766,51.64281999999999,295.53624,27.990940000000002,140.89668,0.00055714,15.502130951999998,41409.0
2023-09-05,0.00013763833333333333,51.64156666666667,290.81525,31.496916666666667,118.83313333333335,0.0005688666666666667,15.502369473333333,41423.833333333336
2023-09-06,0.0001229875,51.641225,285.97355,35.834125,108.71585,0.000556025,15.502592360000001,41439.0
2023-09-07,0.00010941,51.641349999999996,280.89861666666667,40.19741666666667,62.13305,0.0005797666666666666,15.502779288333334,41455.0
2023-09-08,0.00010671199999999999,51.64152,276.17424,45.486779999999996,124.18011999999999,0.00056934,15.502980962,41469.8
2023-09-09,-0.00023272199999999996,51.6389,271.80129999999997,357.90888,130.19156,0.00054196,15.490847797999999,41483.4
2023-09-10,0.00019541999999999997,51.640480000000004,265.87424,2.6065,117.6786,0.00055982,15.491348298,41502.0
2023-09-11,0.00011327499999999999,51.640616666666666,261.25393333333335,5.584616666666666,107.43079999999999,0.0005521500000000001,15.491532096666667,41516.5
2023-09-12,0.00016452,51.63975,255.605,10.548625,174.3573375,0.0005641875,15.49192386125,41534.25
2023-09-13,0.000167382,51.64074000000001,251.55998,14.979220000000002,122.29234000000001,0.00056478,15.492219892,41546.8
2023-09-14,0.000166556,51.64134,246.7799,17.486520000000002,109.94764,0.00056058,15.492574822,41561.8
2023-09-15,0.000175246,51.64110000000001,241.05022,21.23928,86.83568,0.00057506,15.493017458,41579.8
2023-09-16,0.00014619166666666666,51.64071666666666,236.5191166666667,24.120616666666667,82.44343333333333,0.0005854833333333334,15.493223866666668,41594.0
2023-09-17,0.000147206,51.64094,232.29574000000002,26.852539999999998,88.92323999999999,0.00058314,15.493481788,41607.2
2023-09-18,0.000146078,51.64149999999999,226.82838,31.60844,200.60876000000002,0.0005859999999999999,15.493802163999998,41624.4
2023-09-19,0.000147536,51.64154,221.69402,36.20174,81.46364000000001,0.00058134,15.494125227999998,41640.4
2023-09-20,0.000165,51.641225,216.9555,39.05675,76.918125,0.000583975,15.494512807500001,41655.25
2023-09-21,0.000178128,51.64176,211.93438,43.50864,136.65972,0.0005786400000000001,15.494921782,41671.0
2023-09-22,0.0001780975,51.642025000000004,206.34555,47.665075,61.389849999999996,0.0005795,15.495327305,41688.5
2023-09-23,0.00017108142857142857,51.64167142857143,201.31298571428573,51.33484285714286,153.06928571428574,0.0005887857142857143,15.495667114285714,41704.142857142855
2023-09-24,0.0001789475,51.64175,196.708925,54.304975,120.0744,0.000596725,15.4960340275,41718.5
2023-09-25,0.00020587142857142858,51.641642857142855,191.96924285714286,58.98978571428571,137.43475714285714,0.0005845857142857142,15.496515902857142,41733.57142857143
2023-09-26,0.00023515200000000003,51.642939999999996,186.9529,63.977700000000006,59.38680000000001,0.00058086,15.497111142,41749.2
2023-09-27,0.00028247200000000003,51.641819999999996,181.15388000000002,65.66748,116.30940000000001,0.0005655,15.497915648,41767.2
2023-09-28,0.00029185999999999996,51.64176666666666,177.1196,67.03023333333333,53.09966666666666,0.0005784000000000001,15.498426629999999,41780.0
2023-09-29,0.00030903800000000003,51.641020000000005,172.44768,66.59234000000001,67.35622,0.00057494,15.497510176,41794.6
2023-09-30,0.0004922816666666667,51.64123333333333,167.1856,61.66368333333333,101.77366666666666,0.0005226,15.496180536666666,41811.166666666664
2023-10-01,0.00022721000000000002,51.64098333333333,162.1586,65.40526666666666,122.72149999999999,0.0005217,15.496487879999998,41826.833333333336
2023-10-02,9.37e-05,51.6403375,157.1214875,66.3298625,145.4973375,0.0005162625,15.4968457225,41842.5
2023-10-03,0.00021135799999999998,51.64131999999999,152.02064000000001,67.83918,53.85122,0.0005371600000000001,15.497372189999998,41858.6
2023-10-04,0.00019741833333333333,51.64013333333333,146.5441,71.82171666666666,200.95605,0.0005362333333333333,15.497776458333334,41875.833333333336
2023-10-05,0.00019046285714285715,51.639942857142856,141.89488571428572,74.89397142857142,209.3391142857143,0.0005276857142857142,15.498115925714286,41890.42857142857
2023-10-06,0.00018837999999999998,51.64023999999999,137.7335,77.7194,162.54616000000001,0.00053692,15.498436154,41903.4
2023-10-07,0.00019642666666666665,51.6405,133.09063333333333,80.69766666666668,113.255,0.0005387666666666666,15.498843876666667,41917.666666666664
2023-10-08,0.0002018675,51.640525,128.429875,85.3403,111.59187499999999,0.00052875,15.4992494375,41932.5
2023-10-09,0.00020109714285714285,51.64071428571429,122.56777142857143,90.45842857142857,170.6238142857143,0.0005126999999999999,15.499730707142858,41950.71428571428
2023-10-10,0.00020985600000000002,51.64118,117.96696,93.80742000000001,106.51802,0.00050798,15.500153436,41965.2
2023-10-11,0.00021816,51.641740000000006,112.47018,96.78139999999999,35.761579999999995,0.00049496,15.50069268,41982.4
2023-10-12,0.00022062333333333333,51.64115,107.2154,98.84508333333333,219.21238333333335,0.0004970833333333333,15.501155933333335,41999.0
2023-10-13,0.0002761625,51.640637500000004,102.0964125,102.0124875,209.72106250000002,0.00048137500000000003,15.50163532875,42014.875
2023-10-14,0.00021330400000000002,51.64078000000001,96.83594000000001,104.19044,294.72802,0.00048222000000000006,15.502079384000002,42031.4
2023-10-15,0.000210216,51.64083000000001,92.44458999999999,106.05715000000001,129.09682,0.00047829,15.502472179,42045.2
2023-10-16,0.00020474428571428573,51.64085714285714,87.24287142857143,109.18798571428572,206.85831428571427,0.0004728285714285714,15.502882111428573,42061.28571428572
2023-10-17,0.00019203000000000002,51.641333333333336,83.17681666666667,110.94735000000001,173.0317,0.0004697666666666667,15.503171113333332,42074.0
2023-10-18,0.0001871257142857143,51.641200000000005,77.79011428571428,113.71285714285715,206.37772857142858,0.0004571285714285714,15.503570645714285,42090.857142857145
2023-10-19,0.00043121166666666667,51.64193333333333,72.24231666666667,102.21573333333333,208.34855000000002,0.00014551666666666666,15.496115755,42108.333333333336
2023-10-20,0.00020564500000000001,51.64257,67.61888,87.91659999999999,118.79244000000001,7.728e-05,15.494824632999999,42122.8
2023-10-21,0.00018255666666666667,51.642966666666666,62.95366666666666,90.1974,130.04418333333334,7.635e-05,15.495154336666666,42137.333333333336
2023-10-22,0.00017597375,51.6431125,57.7840875,97.70451249999999,206.75455,7.12125e-05,15.49553981125,42153.625
2023-10-23,0.000174828,51.643420000000006,52.727340000000005,98.26022,264.56426,7.092e-05,15.495900074,42169.4
2023-10-24,0.00015279571428571427,51.642242857142854,48.499900000000004,106.20025714285714,272.17425714285713,6.0228571428571426e-05,15.496116627142857,42182.71428571428
2023-10-25,0.00014526,51.6415,43.0896,83.2537,276.8515,5.51e-05,15.49643736,42199.5
2023-10-26,0.00013911499999999999,51.64265,37.9954,104.982275,325.12685,7.4375e-05,15.496697045,42215.75
2023-10-27,0.00017230333333333333,51.64288333333334,32.9908,102.611,120.68415,7.678333333333333e-05,15.497025063333334,42231.166666666664
2023-10-28,-3.789428571428573e-05,51.64234285714286,28.345214285714288,80.4376,186.37385714285713,6.87142857142857e-05,15.497437222857144,42245.857142857145
2023-10-29,0.00025693333333333336,51.64342222222222,23.281855555555556,73.42782222222223,134.23905555555555,6.20111111111111e-05,15.49811397111111,42261.555555555555
2023-10-30,0.00023172999999999998,51.644875,18.11275,75.96075,180.511325,7.2625e-05,15.4987453775,42278.0
2023-10-31,0.0002315,51.64342857142857,13.722514285714286,69.6978,226.68007142857144,8.365714285714287e-05,15.49916492,42291.57142857143
2023-11-01,0.00022227666666666665,51.64395,8.232766666666667,72.99956666666667,221.59731666666664,9.771666666666667e-05,15.499660196666667,42308.833333333336
2023-11-02,0.00023472666666666666,51.64451666666667,3.18985,73.40851666666667,142.95506666666665,9.206666666666666e-05,15.500172961666665,42324.5
2023-11-03,0.00017905125,51.643775,313.7896125,64.4713875,102.963875,8.9725e-05,15.5005019075,42338.25
2023-11-04,0.00018958874999999999,51.6440125,354.065975,75.20852500000001,104.560925,0.0001033625,15.50089328875,42353.125
2023-11-05,0.00021606625,51.64385,348.3220375,72.9223875,144.7344625,0.00010265,15.50137547875,42371.0
2023-11-06,0.00029005000000000003,51.64345,343.7325875,82.978525,133.4285125,0.000103525,15.50198474,42385.5
2023-11-07,0.00019453571428571428,51.6432,338.7242571428572,77.90627142857143,166.76764285714285,9.958571428571428e-05,15.502440307142857,42401.142857142855
2023-11-08,0.00018604125,51.642849999999996,333.5111,87.68582500000001,173.234125,0.0001079875,15.5028334425,42417.375
2023-11-09,0.00024299666666666666,51.64335,329.01661666666666,84.97673333333334,124.0659,0.00011808333333333333,15.503173118333335,42431.5
2023-11-10,0.00047906571428571427,51.64031428571428,323.67227142857143,279.1154571428571,164.1783,0.00020607142857142856,15.494166072857142,42448.142857142855
2023-11-11,7.277333333333334e-05,51.641222222222225,318.6457111111111,286.30097777777775,136.77276666666666,0.00010614444444444444,15.492217677777777,42464.0
2023-11-12,0.000181216,51.641999999999996,314.13858,294.42042000000004,178.27249999999998,0.00010302,15.492598454,42478.2
2023-11-13,0.0002771277777777778,51.642088888888885,309.0241,287.3335333333333,144.99417777777776,0.00010324444444444445,15.492884523333332,42494.11111111111
2023-11-14,0.00013574,51.64244285714285,303.91472857142855,294.1244857142857,156.37808571428573,0.00010727142857142857,15.493166815714286,42510.0
2023-11-15,0.00016912625,51.642775,298.864975,302.470325,139.56135,0.00010698749999999999,15.493466525,42526.0
2023-11-16,0.00012519428571428572,51.64264285714285,293.7503714285714,300.5538428571429,142.76544285714286,9.014285714285713e-05,15.49368322142857,42542.0
2023-11-17,0.000127096,51.642920000000004,289.6239,303.90792,162.77277999999998,8.404e-05,15.49390841,42555.0
2023-11-18,0.00011835333333333333,51.64255,284.1723,312.9171,124.291,9.268333333333334e-05,15.494161593333333,42571.833333333336
2023-11-19,0.00017529142857142856,51.64264285714286,279.4350142857143,320.88588571428573,117.6015,9.744285714285713e-05,15.494416655714286,42586.71428571428
2023-11-20,0.000124046,51.64196,274.58716,324.3784,109.20482,0.00010406,15.494617122,42601.8
2023-11-21,0.00017077,51.64162857142857,269.3712142857143,322.77538571428573,99.39795714285715,9.76142857142857e-05,15.494985841428571,42618.28571428572
2023-11-22,0.00019049857142857144,51.6427,264.1856714285714,326.5839571428572,130.12415714285714,7.680000000000001e-05,15.495410935714286,42634.57142857143
2023-11-23,0.0002496442857142857,51.64271428571429,259.2564142857143,334.16132857142856,127.34132857142858,7.477142857142858e-05,15.496019685714286,42650.0
2023-11-24,0.000262614,51.642039999999994,253.95382,339.4323,103.20612000000001,8.976000000000001e-05,15.496606146,42666.4
2023-11-25,0.00032886800000000006,51.6425,249.99881999999997,315.39166,121.8355,8.5e-05,15.49710761,42678.8
2023-11-26,0.000268054,51.64256,244.78858,302.84108000000003,103.14349999999999,6.69e-05,15.497755395999999,42695.2
2023-11-27,0.0002949775,51.6418625,239.8125125,305.461075,121.9468875,9.2125e-05,15.49836753375,42710.75
2023-11-28,0.0002319957142857143,51.64241428571428,235.1583285714286,292.9465142857143,177.7489142857143,9.592857142857143e-05,15.498752408571429,42725.42857142857
2023-11-29,0.000317544,51.64264000000001,229.984,343.29782,114.87242,0.0001037,15.499338838,42741.8
2023-11-30,0.00028228666666666667,51.64208333333334,224.79081666666664,296.99893333333335,127.33364999999999,0.00010056666666666667,15.499880498333333,42758.0
2023-12-01,0.00026007333333333336,51.6413,220.25518333333332,180.21793333333335,78.13786666666667,0.00011115,15.50017544,42772.166666666664
2023-12-02,0.000208645,51.64071666666666,214.62196666666668,120.95596666666667,64.84261666666667,0.00010745,15.50068153,42789.666666666664
2023-12-03,0.00017235499999999999,51.640775,210.3821125,94.929375,114.325075,0.00011287499999999999,15.501080493749999,42803.25
2023-12-04,0.00017749857142857143,51.64062857142857,205.27307142857143,5.681071428571428,208.13269999999997,0.00011342857142857142,15.501661311428572,42818.857142857145
2023-12-05,0.00014423000000000002,51.63984000000001,199.92687999999998,76.75328,207.23031999999998,0.00013632000000000002,15.501946656000001,42835.8
2023-12-06,0.00014158285714285717,51.640771428571426,194.8708,14.11292857142857,142.94424285714285,0.0001273142857142857,15.50225915,42851.57142857143
2023-12-07,0.0001398825,51.640299999999996,190.0148,19.720675,143.45255,0.0001462,15.502551992499999,42866.75
2023-12-08,8.6435e-05,51.6393,185.5343333333333,32.065400000000004,172.96756666666667,0.00010383333333333334,15.502678805,42880.833333333336
2023-12-09,0.00013150666666666665,51.63943333333333,180.2569,18.250049999999998,193.43705,0.00013248333333333335,15.5029434,42897.333333333336
2023-12-10,0.00011235,51.63903333333334,175.18606666666665,21.729,202.90009999999998,0.0001412,15.503120226666667,42913.333333333336
2023-12-11,8.98125e-05,51.638999999999996,170.38835,24.62915,204.31005,0.000135325,15.5032804425,42928.0
2023-12-12,9.47e-05,51.639700000000005,165.20872,34.7484,124.41214,0.00012853999999999999,15.50348001,42944.4
2023-12-13,0.00010478625,51.639325,159.695575,30.6382625,142.806675,0.0001723375,15.503700726249999,42961.625
2023-12-14,0.00011134666666666666,51.63951666666667,154.6685,28.533966666666668,150.18503333333334,0.0001945666666666667,15.503945341666666,42977.5
2023-12-15,0.00014924285714285713,51.64051428571429,149.95105714285714,29.951585714285716,183.6286857142857,0.00020772857142857144,15.50425312,42992.142857142855
2023-12-16,0.00013906000000000001,51.63986,144.712,32.81002,181.3642,0.00019588,15.504545632,43008.4
2023-12-17,0.00017207500000000002,51.6398,139.65363333333332,36.2235,202.2857,0.00020141666666666667,15.504911681666668,43024.333333333336
2023-12-18,0.00012989,51.64006666666666,134.67436666666666,36.54481666666667,171.03638333333333,0.00019376666666666667,15.505269541666665,43040.0
2023-12-19,0.000389322,51.63968,129.88168000000002,39.91726,107.97478000000001,0.0002088,15.50577213,43055.0
2023-12-20,0.000180476,51.64016,125.0047,44.0161,123.15482,0.00020918,15.506031328,43070.2
2023-12-21,0.0002000433333333333,51.64013333333333,119.98988333333334,42.44968333333333,147.13989999999998,0.00023074999999999997,15.506413135,43085.833333333336
2023-12-22,0.00021946571428571428,51.64002857142857,115.2517,46.80675714285714,173.3711142857143,0.0002253857142857143,15.506859465714285,43100.71428571428
2023-12-23,0.00029979750000000004,51.6398,109.7529,292.752325,120.34027499999999,0.000264925,15.4962905225,43118.0
2023-12-24,0.0002202025,51.64135,105.00225,306.4472,151.16845,0.00028915,15.49673136,43132.75
2023-12-25,0.00020093875,51.6414875,100.72030000000001,310.6073125,116.56151249999999,0.0003176375,15.497067945,43146.25
2023-12-26,0.00032435,51.640859999999996,95.27378,315.86718,96.57498000000001,0.00032832,15.497564751999999,43163.2
2023-12-27,0.00019282666666666667,51.641600000000004,90.29631666666667,318.34499999999997,99.86018333333334,0.0003245,15.497903743333334,43178.833333333336
2023-12-28,0.00019521666666666665,51.641783333333336,85.83471666666667,322.1397,85.09283333333333,0.00032460000000000003,15.49826969,43192.833333333336
2023-12-29,0.00019865333333333332,51.64221666666666,80.60113333333332,327.6060166666667,97.96195,0.00032891666666666665,15.498706978333333,43209.166666666664
2023-12-30,0.000203082,51.641740000000006,75.90774,332.46834,93.36086,0.00033801999999999997,15.499127048,43224.2
2023-12-31,0.00018072,51.64154,71.23816000000001,336.74323999999996,96.09304,0.00033984,15.499455286,43238.6
2024-01-01,0.00029811999999999997,51.641999999999996,66.49503333333332,341.56745,89.48846666666667,0.00033551666666666665,15.499826418333333,43253.666666666664
2024-01-02,0.000140125,51.642362500000004,61.289025,345.5951375,74.7385625,0.0003396125,15.50007402875,43269.75
2024-01-03,0.000123766,51.64318000000001,56.46826,347.32273999999995,105.5758,0.00033856,15.500374984,43285.0
2024-01-04,0.00045015999999999996,51.64201428571429,51.60181428571428,350.2342857142857,81.15945714285714,0.0003579142857142857,15.500679201428571,43300.0
2024-01-05,0.000201145,51.64155,46.8286125,355.82349999999997,64.4818125,0.0003547625,15.5009382475,43315.25
2024-01-06,0.00013925249999999998,51.641400000000004,41.89865,90.67607500000001,216.111875,0.000353825,15.501163980000001,43330.5
2024-01-07,0.0004697228571428572,51.64138571428572,37.038357142857144,5.006099999999999,122.69561428571429,0.00037354285714285716,15.501441252857143,43345.71428571428
2024-01-08,0.00057948375,51.642275,31.846899999999998,9.8331375,151.0283375,0.000363375,15.501776675,43361.875
2024-01-09,0.00013393499999999998,51.64143333333333,26.508683333333334,13.9692,174.89683333333332,0.00036991666666666667,15.501977311666666,43378.666666666664
2024-01-10,0.000136356,51.64158,22.08434,18.1312,78.44182,0.00038122,15.502243604,43392.6
2024-01-11,0.00015548875,51.641325,16.8144625,22.1930875,201.78946249999998,0.0003876125,15.50262330625,43409.0
2024-01-12,0.00016985,51.64175,12.53255,26.45455,161.681025,0.00041062499999999997,15.50294366,43422.5
2024-01-13,0.0005000919999999999,51.64149999999999,6.332520000000001,89.21128,202.33544,0.00048557999999999994,15.493681974000001,43442.0
2024-01-14,0.000168765,51.642583333333334,62.1672,90.42253333333333,120.30149999999999,0.00048985,15.493815435,43455.0
2024-01-15,0.00019206875,51.64175,357.1469875,92.769225,212.911875,0.0004906,15.4942350925,43470.5
2024-01-16,0.00021807125,51.641875,351.86902499999997,96.7560375,173.425375,0.00049635,15.49471397875,43487.0
2024-01-17,0.000203195,51.6420375,347.2820875,99.670325,166.4459375,0.0004975625,15.49509241375,43501.375
2024-01-18,0.0002396542857142857,51.641685714285714,342.4172142857143,102.65952857142858,190.56022857142855,0.0004983285714285715,15.495525738571429,43516.57142857143
2024-01-19,0.00020912,51.64152857142857,337.3867142857143,105.21631428571428,150.81208571428573,0.0005018428571428572,15.495957007142858,43532.42857142857
2024-01-20,0.00023067285714285717,51.64142857142857,331.98875714285714,109.91884285714286,267.7158,0.0004968714285714285,15.496465391428572,43549.28571428572
2024-01-21,0.00025163750000000004,51.6416375,327.3891125,114.3007875,216.323275,0.0005009875,15.4969918975,43563.625
2024-01-22,0.00024430375,51.6423125,322.4140875,117.8908,194.8598,0.000494925,15.49749635375,43579.375
2024-01-23,0.0002647725,51.6418625,317.4225625,120.8289625,193.186375,0.0004924500000000001,15.49804230875,43595.0
2024-01-24,0.00026771428571428573,51.64208571428571,312.3920428571428,126.16561428571428,229.3391,0.0004939428571428572,15.498590387142857,43610.71428571428
2024-01-25,0.00024729,51.641616666666664,307.79468333333335,129.2947333333333,300.1454,0.00048538333333333336,15.499031641666667,43625.166666666664
2024-01-26,0.00021706625,51.6418,302.2670125,133.3677875,301.1745125,0.0004954375,15.49947393625,43642.5
2024-01-27,0.00018933125,51.640625,297.779825,149.4326625,261.0485375,0.00040575,15.497117620000001,43656.5
2024-01-28,0.00027104399999999996,51.64182000000001,291.7958,175.89136000000002,262.33052000000004,0.0002843,15.493194906,43675.2
2024-01-29,0.000159282,51.64116,287.19112,175.9577,272.03178,0.0002584,15.493424756,43689.6
2024-01-30,0.00015770714285714285,51.640142857142855,282.7313142857143,179.26581428571427,239.19335714285714,0.0002542,15.493675064285714,43703.57142857143
2024-01-31,0.0001929475,51.640875,277.67705,183.7751875,255.4453625,0.00024055,15.493948113750001,43719.5
2024-02-01,0.000129968,51.6417,272.80088,185.32646,286.72400000000005,0.0002363,15.494174722,43734.8
2024-02-02,0.00015680714285714285,51.64055714285714,267.6048857142857,190.29559999999998,259.7509,0.00023335714285714285,15.494522557142858,43750.857142857145
2024-02-03,0.00013329142857142857,51.64082857142857,262.99615714285716,191.87377142857142,258.9167857142857,0.00023951428571428572,15.494739984285713,43765.42857142857
2024-02-04,0.00013492714285714285,51.640342857142855,257.6306285714286,197.87872857142858,235.29340000000002,0.00023242857142857142,15.495014325714285,43782.142857142855
2024-02-05,0.00014573222222222224,51.63993333333333,252.90256666666664,203.22680000000003,235.97712222222222,0.00022092222222222223,15.495289337777779,43797.0
2024-02-06,0.00016458777777777779,51.63976666666667,247.92569999999998,209.4362888888889,241.28043333333335,0.00021626666666666667,15.495664378888888,43812.555555555555
2024-02-07,0.00016830714285714286,51.63937142857143,242.65322857142857,211.0045,240.39100000000002,0.00021571428571428571,15.496049127142857,43829.0
2024-02-08,0.000186078,51.63862,238.05682000000002,219.35700000000003,189.63862,0.0002199,15.496441324,43843.4
2024-02-09,0.00018908571428571426,51.639028571428575,233.34952857142858,220.70234285714287,227.6449,0.00022014285714285712,15.496829107142856,43858.28571428572
2024-02-10,0.00018928125,51.6394375,228.0830375,226.7804375,237.55397499999998,0.0002148625,15.497237963749999,43874.75
2024-02-11,0.00019291571428571428,51.63918571428571,223.4038142857143,234.25887142857144,218.86775714285713,0.00020800000000000001,15.497587687142856,43889.42857142857
2024-02-12,0.00022340375,51.639975,217.8229,240.1616875,228.056075,0.00019535,15.498134969999999,43906.75
2024-02-13,0.00023290125000000002,51.6398875,212.5478875,247.5687625,179.821175,0.0001939,15.49865031625,43923.375
2024-02-14,0.00023344625,51.639375,207.55625,257.56105,170.016925,0.000187325,15.49914742875,43938.875
2024-02-15,0.00021414285714285714,51.638914285714286,202.6149,267.1439,164.64134285714286,0.00018718571428571427,15.499572944285715,43954.42857142857
2024-02-16,0.00021754714285714285,51.63945714285715,197.83384285714286,275.1773857142857,143.1111857142857,0.00019021428571428572,15.499985212857142,43969.42857142857
2024-02-17,0.0002873171428571428,51.6392,193.03578571428574,279.16964285714283,146.5487857142857,0.00019237142857142855,15.500545494285715,43984.42857142857
2024-02-18,0.00021609857142857144,51.63952857142857,188.5188,282.7283428571428,144.96725714285714,0.00019507142857142857,15.501035724285714,43998.71428571428
2024-02-19,0.0001744942857142857,51.6399,183.21521428571427,288.0763142857143,151.2044857142857,0.00019235714285714285,15.50137413,44015.28571428572
2024-02-20,0.00017222,51.63957142857142,178.53237142857142,290.7864,127.6816857142857,0.00018977142857142857,15.501699164285714,44030.0
2024-02-21,0.00016988444444444444,51.63954444444445,173.34223333333335,296.56432222222224,140.80003333333332,0.00019895555555555556,15.502068145555556,44046.11111111111
2024-02-22,0.0002983383333333333,51.639833333333335,168.3411,304.4225833333333,128.90566666666666,0.00020950000000000002,15.502471271666666,44061.666666666664
2024-02-23,0.00017283142857142856,51.64008571428571,163.52845714285715,311.65034285714285,93.54217142857144,0.00020598571428571426,15.502753372857143,44076.71428571428
2024-02-24,-9.324499999999999e-05,51.639250000000004,158.4752,285.69516666666664,108.60273333333333,0.0005798333333333334,15.492784893333335,44092.666666666664
2024-02-25,0.0003410885714285714,51.6409,154.1623,292.5674714285714,129.67530000000002,0.0005831714285714286,15.493319445714286,44106.28571428572
2024-02-26,0.00023955285714285715,51.64185714285714,148.90192857142856,296.27475714285714,144.00975714285715,0.0005873857142857143,15.49376081857143,44122.57142857143
2024-02-27,0.00025124,51.6406,143.8395625,300.0797875,126.8289625,0.0005840375,15.49421075625,44138.5
2024-02-28,0.00018621,51.640100000000004,138.8862,302.44894,147.88868,0.0005746400000000001,15.494569862,44154.2
2024-02-29,0.0001744166666666667,51.64128333333334,133.43495,308.4828,178.55103333333332,0.0005969166666666667,15.494943466666667,44171.166666666664
2024-03-01,0.00015331142857142856,51.6403,128.8844,312.3679714285714,120.44178571428571,0.0005854857142857143,15.49517428857143,44185.42857142857
2024-03-02,0.000149565,51.6402,124.14538333333333,316.27015,143.26798333333332,0.0005770500000000001,15.495453036666667,44200.166666666664
2024-03-03,0.000163634,51.639520000000005,119.30352,320.61984,103.80206000000001,0.0005951,15.49574772,44215.2
2024-03-04,0.00015879714285714285,51.64004285714286,114.54927142857143,324.6395714285714,121.44144285714286,0.0005913857142857144,15.496061935714286,44230.28571428572
2024-03-05,0.000174536,51.639779999999995,109.53652,329.01352,91.2135,0.00059806,15.496434451999999,44246.0
2024-03-06,0.00018948333333333332,51.64048333333333,104.13508333333334,333.44103333333334,126.87105000000001,0.0005950500000000001,15.496833955,44262.833333333336
2024-03-07,0.00015415833333333332,51.64033333333333,99.64274999999999,336.74443333333335,88.69260000000001,0.0005943666666666667,15.497090028333332,44277.0
2024-03-08,0.0001402257142857143,51.64035714285715,94.32611428571428,341.5743857142857,69.40542857142857,0.0006085142857142857,15.497377321428571,44293.42857142857
2024-03-09,0.00013731714285714286,51.64067142857143,89.43725714285713,345.59389999999996,73.10797142857143,0.0006008000000000001,15.497636974285713,44308.71428571428
2024-03-10,0.00013411,51.640375,84.596525,349.91508749999997,86.0951,0.000614,15.49789741625,44324.0
2024-03-11,0.000138545,51.63975,79.997825,353.45095,91.3791375,0.0006172125,15.49816878875,44338.5
2024-03-12,0.00014673,51.63968333333333,74.32821666666666,357.7241666666667,102.06221666666666,0.0006065666666666666,15.498530610000001,44356.333333333336
2024-03-13,0.000139464,51.63972,69.65772,1.29696,154.93324,0.00061482,15.498806490000002,44370.8
2024-03-14,-0.0005659983333333333,51.63985,64.93321666666667,59.838983333333324,189.44026666666664,0.0005527833333333333,15.497360056666666,44385.5
2024-03-15,0.000391106,51.63964,59.566179999999996,330.02782,116.4604,0.00047958,15.490011618,44402.0
2024-03-16,8.961375e-05,51.639725,54.9656875,331.9929625,119.87819999999999,0.000462025,15.49008772375,44416.0
2024-03-17,0.00012682714285714285,51.64018571428572,49.861842857142854,336.54530000000005,113.0964,0.0004561857142857143,15.490391934285714,44432.0
2024-03-18,0.00013159142857142856,51.64047142857142,45.89967142857143,339.6292714285714,104.36988571428572,0.0004551857142857143,15.490613485714286,44444.42857142857
2024-03-19,0.00011112599999999999,51.64062,40.58648,343.16212,128.51524,0.00045484000000000003,15.490945493999998,44461.0
2024-03-20,0.00022409600000000002,51.64058,34.6186,347.57309999999995,88.67068,0.00045014,15.491626762000001,44479.8
2024-03-21,0.00021602125,51.64155,29.7098875,352.5025375,99.6350875,0.0004587125,15.49202582,44495.125
2024-03-22,0.00022673833333333333,51.641416666666665,25.65256666666667,355.0332333333333,98.52106666666667,0.0004650333333333333,15.492440573333333,44507.833333333336
2024-03-23,0.00030746857142857143,51.64077142857143,19.866957142857142,358.2595857142857,131.8352857142857,0.0004752,15.493256264285716,44525.857142857145
2024-03-24,0.0003834922222222222,51.64068888888889,15.418600000000001,120.77771111111113,175.83262222222223,0.0004524,15.49395155,44540.0
2024-03-25,0.0004416616666666666,51.641416666666665,10.52625,4.928783333333333,166.81571666666665,0.00045765,15.494661421666668,44555.0
2024-03-26,0.000342355,51.6407,5.5411375,7.064375,161.833,0.0004698,15.49535612875,44570.75
2024-03-27,0.0002934725,51.640775,135.41555,9.6903875,177.01898749999998,0.00047005,15.49598591875,44586.875
2024-03-28,0.000295634,51.64068999999999,355.69815,13.39664,209.23105999999999,0.00047148,15.496560385,44601.7
2024-03-29,0.0002555922222222222,51.64027777777778,350.1822666666667,17.183466666666664,214.39673333333334,0.00047712222222222225,15.49706240777778,44619.0
2024-03-30,0.00025785571428571427,51.64122857142858,345.7814142857143,21.457328571428572,124.03507142857143,0.00047180000000000003,15.497532768571428,44632.71428571428
2024-03-31,0.0002529457142857143,51.64028571428571,340.7981285714286,21.620414285714283,237.34592857142857,0.00047178571428571425,15.497972469999999,44648.28571428572
2024-04-01,0.00019754833333333335,51.64176666666666,336.04063333333335,26.507,85.91328333333333,0.00046088333333333336,15.498260556666667,44663.166666666664
2024-04-02,0.00016037857142857143,51.64097142857143,330.49717142857145,29.892514285714288,167.37462857142856,0.00045878571428571425,15.498577447142859,44680.57142857143
2024-04-03,0.00014312571428571429,51.64015714285714,325.51178571428574,33.43741428571429,228.72958571428575,0.0004537,15.498853897142856,44696.28571428572
2024-04-04,0.0001379257142857143,51.64077142857143,320.6428142857143,36.091457142857145,106.73645714285715,0.00045491428571428573,15.499117502857143,44711.42857142857
2024-04-05,0.00012015,51.63995555555555,315.8017444444444,39.24187777777777,184.8601,0.0004674,15.499295374444443,44726.555555555555
2024-04-06,0.00013879285714285715,51.63975714285714,310.8002285714286,41.97145714285715,140.07382857142858,0.00047230000000000004,15.499558707142857,44742.28571428572
2024-04-07,0.00012176666666666668,51.63955000000001,305.1992,45.63323333333333,147.9958,0.0004758333333333333,15.49984308,44759.833333333336
2024-04-08,0.00012350833333333333,51.638933333333334,301.3335333333333,48.256283333333336,182.29465000000002,0.0004707333333333333,15.500052571666666,44772.0
2024-04-09,0.00013412,51.638,295.65726,51.51296,204.71493999999998,0.00047437999999999994,15.500358815999999,44789.8
2024-04-10,0.00013190199999999998,51.63896,290.71444,56.22876,152.61446,0.00046782000000000003,15.500618410000001,44805.2
2024-04-11,0.00012888,51.639466666666664,285.9714333333333,57.390616666666666,142.99023333333335,0.0004714666666666666,15.500893601666666,44820.0
2024-04-12,0.0001388888888888889,51.63942222222222,281.0448666666667,60.03754444444444,172.6496,0.0004696444444444445,15.501209960000002,44835.444444444445
2024-04-13,0.0001494888888888889,51.63954444444445,275.45619999999997,65.41132222222222,142.75787777777776,0.0004729888888888889,15.501565215555555,44852.77777777778
2024-04-14,0.000175998,51.6395,269.92688,66.43648,96.11936,0.0004925600000000001,15.50196841,44870.2
2024-04-15,-9.453333333333336e-05,51.63791666666666,265.97315,67.9281,170.03055,0.00047014999999999996,15.502166896666667,44882.666666666664
2024-04-16,0.00024235875,51.6382125,260.5080625,69.1728375,132.8293125,0.000472225,15.5028091225,44899.75
2024-04-17,0.000242296,51.63808,255.80596,72.74485999999999,87.99696,0.00048684,15.503293154,44914.4
2024-04-18,0.000275306,51.637950000000004,250.76727999999997,75.8335,144.40149,0.00047466,15.503876919000001,44930.1
2024-04-19,0.00030386,51.63848,245.33296,78.51688,144.88137999999998,0.0004718,15.504525926,44947.2
2024-04-20,0.0002916988888888889,51.638844444444445,240.53686666666667,82.22888888888889,152.9313888888889,0.0004738,15.50519212,44962.22222222222
2024-04-21,0.00033984799999999996,51.63886,235.74787999999998,85.7239,135.2688,0.00047044000000000003,15.505887736,44977.2
2024-04-22,0.0003436742857142857,51.63952857142857,231.77101428571427,88.57217142857144,167.90812857142856,0.0004713,15.50647608,44989.57142857143
2024-04-23,0.0003758575,51.640025,226.573425,86.8622125,226.0877625,0.0004678875,15.50732620625,45005.875
2024-04-24,0.000389828,51.640139999999995,221.42721999999998,97.24582000000001,198.2653,0.00047698,15.50815775,45022.0
2024-04-25,0.00044685875,51.639625,216.8452625,94.980575,196.15295,0.0004802375,15.508902418749999,45036.375
2024-04-26,0.00045943333333333335,51.63838333333333,211.74746666666667,110.80874999999999,251.6617,0.0004004,15.506481603333333,45052.333333333336
2024-04-27,0.00031155375,51.638425,206.7838375,114.9908875,258.4876625,0.0003677875,15.5065100275,45067.875
2024-04-28,0.0003375757142857143,51.637971428571426,201.6762857142857,118.62212857142858,197.38742857142856,0.0003773857142857143,15.507000818571429,45083.857142857145
2024-04-29,0.00024249666666666667,51.638200000000005,197.07306666666668,119.4069,210.13495,0.00035088333333333334,15.507443141666668,45098.166666666664
2024-04-30,0.0001745511111111111,51.63808888888889,191.7307888888889,124.55302222222222,161.4882777777778,0.00035778888888888887,15.507755892222223,45114.88888888889
2024-05-01,0.00013855333333333332,51.637750000000004,186.98156666666668,128.46506666666667,229.32755,0.00036415,15.50796672,45129.833333333336
2024-05-02,0.000143938,51.639359999999996,182.6576,131.2363,196.19036,0.00037862,15.508232487999999,45143.2
2024-05-03,0.000176806,51.638940000000005,176.86248,134.5602,238.6317,0.00037328000000000003,15.50862155,45161.2
2024-05-04,0.000145884,51.63887999999999,172.10729999999998,137.03073999999998,192.38044,0.00035886,15.508956201999998,45176.2
2024-05-05,0.00013862555555555555,51.6383,167.0608777777778,138.63566666666668,172.2186888888889,0.00035526666666666666,15.50920759,45192.0
2024-05-06,0.00015165166666666666,51.63803333333333,162.22001666666668,140.61413333333334,262.07056666666665,0.00035168333333333336,15.509454956666666,45207.166666666664
2024-05-07,0.00017310125,51.637975,157.1722875,145.6931125,209.812825,0.000355925,15.50983525375,45223.0
2024-05-08,0.00015610571428571429,51.637214285714286,152.01128571428572,147.39627142857142,245.91792857142855,0.00034042857142857144,15.510142354285716,45239.142857142855
2024-05-09,0.00016738111111111112,51.637388888888886,147.40806666666668,151.18613333333334,247.6138666666667,0.0003466111111111111,15.510468825555556,45253.555555555555
2024-05-10,0.00018342000000000003,51.637499999999996,142.05111428571428,154.89267142857145,241.01808571428572,0.0003462571428571428,15.51085196,45270.28571428572
2024-05-11,0.00034183,51.63758571428571,136.59428571428572,158.02247142857144,262.67044285714286,0.0003315714285714286,15.511757258571427,45287.28571428572
2024-05-12,0.0003141,51.63725,131.814,161.00195,277.34093333333334,0.0003290333333333334,15.512403803333333,45302.333333333336
2024-05-13,0.0002489588888888889,51.63734444444444,127.10183333333333,160.94832222222223,260.9871,0.0003088777777777778,15.512811458888889,45317.0
2024-05-14,0.0002220825,51.6375375,122.3844875,166.4025125,251.524675,0.0003245125,15.51313499375,45331.75
2024-05-15,0.0002620677777777778,51.63736666666667,117.29532222222221,171.25175555555558,249.9714555555555,0.00032397777777777776,15.513585826666665,45347.77777777778
2024-05-16,0.00017622500000000001,51.638175000000004,112.679875,174.884825,229.01274999999998,0.0003289,15.513982045,45362.0
2024-05-17,0.00025288,51.63835,107.478075,178.5677375,275.8705875,0.000339075,15.51459164,45378.375
2024-05-18,0.0002659942857142857,51.63798571428571,102.32228571428571,181.75528571428572,194.3052857142857,0.00033772857142857143,15.515216042857142,45394.42857142857
2024-05-19,0.00028388,51.637725,97.3289,186.3258,218.42435,0.0003196,15.515864432499999,45410.25
2024-05-20,0.0002778433333333334,51.638016666666665,92.66146666666667,188.43655,217.92033333333333,0.0003270833333333333,15.516359356666667,45424.666666666664
2024-05-21,0.00025202666666666667,51.638716666666674,87.9613,191.68746666666667,284.3018666666667,0.00032941666666666666,15.516771616666666,45439.333333333336
2024-05-22,0.00022868125,51.6383125,82.679925,197.0388,225.48236250000002,0.0003269375,15.51720923875,45456.0
2024-05-23,0.00022460777777777777,51.638333333333335,77.93037777777778,200.42708888888887,246.43614444444444,0.0003283888888888889,15.517621316666666,45470.77777777778
2024-05-24,-0.0004367042857142857,51.63878571428571,72.89117142857143,213.69984285714284,220.7745142857143,0.00034778571428571427,15.515909764285714,45486.42857142857
2024-05-25,-0.0016916885714285713,51.6391,67.94347142857143,236.3516,217.19910000000002,0.0005369,15.504315631428572,45501.857142857145
2024-05-26,0.0003782614285714286,51.639385714285716,62.86895714285714,242.32871428571428,224.79038571428572,0.0005422714285714285,15.504986132857143,45517.857142857145
2024-05-27,0.00025675666666666666,51.63956666666667,57.901266666666665,237.72784444444446,170.3701888888889,0.0005730111111111111,15.505342912222224,45533.444444444445
2024-05-28,0.00012876333333333332,51.638444444444445,52.893277777777776,243.08373333333333,204.8459222222222,0.0005812444444444444,15.505679787777776,45549.11111111111
2024-05-29,0.0002329125,51.6397625,47.4703375,248.078725,181.816225,0.0005755375,15.5062968375,45566.125
2024-05-30,0.00022677285714285716,51.64055714285714,43.20294285714285,252.00762857142857,194.12137142857142,0.0005580142857142857,15.506673945714285,45579.42857142857
2024-05-31,0.00027542375,51.6393,38.0314,256.2718125,141.28502500000002,0.000574775,15.50712019625,45595.625
2024-06-01,0.0002049025,51.6391625,32.9002,261.5548125,198.13225,0.0005742625,15.50748014875,45611.625
2024-06-02,0.00020243142857142858,51.63928571428572,28.261414285714288,266.2076571428571,190.16092857142854,0.0005771857142857143,15.507860321428572,45626.142857142855
2024-06-03,0.00019617833333333335,51.639700000000005,23.368366666666663,271.26028333333335,226.3569,0.00057225,15.508235101666665,45641.333333333336
2024-06-04,0.00019056,51.63972222222222,18.123444444444445,273.6912,172.53855555555555,0.0005793777777777778,15.508598896666667,45657.88888888889
2024-06-05,0.00017720571428571428,51.64052857142857,13.548599999999999,276.9615285714286,188.90477142857142,0.0005851714285714287,15.50893144142857,45672.142857142855
2024-06-06,0.00019092833333333333,51.639916666666664,9.113,280.37623333333335,131.92643333333334,0.00058995,15.509297136666667,45686.0
2024-06-07,0.00022486999999999998,51.6404,3.01955,284.75773333333336,150.47628333333333,0.00059455,15.50988085,45705.166666666664
2024-06-08,0.000237418,51.639660000000006,215.29638,288.28164,152.98391999999998,0.00059428,15.510283178,45716.8
2024-06-09,0.00010929833333333334,51.639383333333335,353.25874999999996,277.2027666666667,116.85008333333333,0.0008219666666666667,15.503886031666667,45735.833333333336
2024-06-10,0.00016814777777777779,51.640055555555556,347.92305555555555,281.7818888888889,142.2284,0.0008018888888888889,15.504263003333332,45752.333333333336
2024-06-11,0.00017085,51.6399375,343.216475,285.0149875,111.12025,0.0008037875,15.50459021375,45767.125
2024-06-12,0.00016387,51.640433333333334,337.51411666666667,289.26219999999995,138.56626666666668,0.0008049833333333333,15.504970068333334,45785.0
2024-06-13,0.0001553425,51.6398,332.89865,293.903125,115.3453,0.00082105,15.5052645975,45799.5
2024-06-14,0.00014740499999999998,51.6388,327.8319,298.43255,61.5824,0.0008328000000000001,15.505576985000001,45815.5
2024-06-15,-0.00525721,51.63995,322.596,328.20550000000003,171.07085,0.00102035,15.49357671,45831.5
2024-06-16,0.000147565,51.64,317.75059999999996,333.90790000000004,48.62745,0.00103805,15.494370165,45847.0
2024-06-17,0.00016302599999999998,51.64058,311.8827,337.59114,107.44352,0.0010488000000000001,15.494786446,45865.2
2024-06-18,0.00015039875,51.6403125,307.83570000000003,340.8859375,104.8694375,0.00106025,15.49501186875,45877.875
2024-06-19,0.00014840833333333334,51.63985,303.2993333333333,344.09543333333335,71.55001666666668,0.0010575333333333332,15.495288173333334,45892.166666666664
2024-06-20,0.00014537666666666665,51.6405,298.46073333333334,347.22676666666666,63.96521666666666,0.0010560666666666666,15.495665928333333,45907.333333333336
2024-06-21,2.222375e-05,51.6403125,293.442275,351.44995,78.3488375,0.0010644125,15.49596053375,45923.0
2024-06-22,0.0003355566666666666,51.640683333333335,288.47616666666664,355.61066666666665,94.27350000000001,0.0010720666666666665,15.496424091666666,45938.5
2024-06-23,0.00017163,51.64122,284.15828,286.858,96.6164,0.00108548,15.496679144000002,45952.0
2024-06-24,0.0001721425,51.641425,279.24135,2.3513625,191.90843750000002,0.0010795625,15.497032655,45967.375
2024-06-25,0.00017207555555555555,51.640822222222226,274.3228111111111,5.756488888888889,177.8711111111111,0.001087311111111111,15.49739071222222,45982.77777777778
2024-06-26,0.00024988714285714285,51.64031428571428,268.93094285714284,9.879957142857142,178.5233714285714,0.0010974142857142857,15.49781188,45999.71428571428
2024-06-27,0.00020041833333333333,51.63986666666667,264.75365,13.254666666666667,119.39356666666667,0.0011060333333333333,15.498026153333333,46012.833333333336
2024-06-28,0.00018159777777777776,51.64006666666667,259.11535555555554,16.680888888888887,150.0736,0.0011209,15.498455607777778,46030.444444444445
2024-06-29,0.00023134666666666664,51.63948333333334,254.1754,19.458883333333333,156.20863333333332,0.0011441,15.498889779999999,46046.0
2024-06-30,0.00029361142857142855,51.63841428571429,248.68925714285712,19.315257142857142,206.21552857142856,0.001033557142857143,15.496770995714286,46063.142857142855
2024-07-01,0.00016892714285714287,51.63811428571428,244.21944285714287,19.368357142857146,153.59477142857142,0.0009632428571428571,15.494889775714286,46077.142857142855
2024-07-02,0.00014638666666666667,51.638650000000005,239.57036666666667,22.418899999999997,180.13948333333335,0.0009802833333333334,15.495149373333334,46091.666666666664
2024-07-03,0.00013472714285714285,51.639242857142854,234.7689142857143,25.65747142857143,155.87717142857144,0.0010075,15.495406264285716,46106.71428571428
2024-07-04,0.00012039285714285713,51.63885714285714,229.94102857142857,29.451457142857144,197.26808571428572,0.0010223428571428572,15.495631657142857,46121.857142857145
2024-07-05,0.00018664,51.63782,224.84985999999998,32.90144,183.37988,0.00102422,15.495946392000002,46137.8
2024-07-06,0.00012478,51.63798571428571,219.4650142857143,36.90002857142857,222.20324285714287,0.0010234285714285714,15.496241074285715,46154.71428571428
2024-07-07,0.000133782,51.639520000000005,215.23572,40.0501,66.78282,0.00103198,15.496484606000001,46167.8
2024-07-08,0.00013174625,51.6381625,209.9217875,43.611325,135.163675,0.0010394,15.49673686625,46184.5
2024-07-09,0.00012099125,51.63795,205.06895,46.966575,157.6334,0.0010344500000000001,15.4969623025,46199.75
2024-07-10,0.000140796,51.6386,200.35084,50.55446,62.73335999999999,0.00103002,15.497221862,46214.4
2024-07-11,0.000115006,51.63779999999999,195.29486000000003,54.12388,216.11338,0.0010364999999999999,15.497439696,46230.4
2024-07-12,0.00013589,51.63836666666666,189.28678333333332,58.32735,192.82309999999998,0.0010427833333333334,15.497773053333333,46249.166666666664
2024-07-13,0.00015688714285714287,51.63892857142857,184.8567285714286,61.46951428571429,125.21498571428572,0.001044342857142857,15.498075857142856,46263.0
2024-07-14,0.0001631825,51.6398,180.6224125,64.4282,111.1525125,0.001053875,15.49835589375,46276.25
2024-07-15,0.00017282444444444446,51.63843333333333,175.17054444444443,68.8759,133.47269999999997,0.0010436555555555557,15.498742827777777,46293.333333333336
2024-07-16,0.00018133222222222224,51.63837777777778,170.4515111111111,72.09245555555555,128.53055555555557,0.0010433777777777778,15.499081315555555,46308.11111111111
2024-07-17,0.00020178857142857143,51.63814285714285,165.43942857142858,75.83152857142856,140.63638571428572,0.0010377428571428573,15.499533437142857,46323.857142857145
2024-07-18,0.00022247,51.63825,160.06498333333334,80.02788333333332,167.79818333333333,0.0010316,15.500006543333333,46340.666666666664
2024-07-19,0.00019156571428571428,51.638085714285715,155.16594285714285,83.71058571428571,191.42637142857143,0.0010317428571428571,15.500352187142855,46356.0
2024-07-20,0.00018669,51.638085714285715,150.6521142857143,86.98524285714286,184.1304857142857,0.0010255,15.500686464285716,46370.142857142855
2024-07-21,0.000185885,51.638575,145.5280125,90.730825,129.73352500000001,0.001017925,15.50108476125,46386.125
2024-07-22,0.000189522,51.63848,140.11502000000002,95.00018,85.72522,0.00102042,15.5015062,46403.0
2024-07-23,0.00024202714285714286,51.63945714285715,135.88908571428573,97.80702857142856,96.15402857142858,0.0010198285714285713,15.501865637142856,46416.28571428572
2024-07-24,0.00018587428571428572,51.6392,130.9574857142857,101.6435,144.95817142857143,0.0010156714285714287,15.502192932857144,46431.71428571428
2024-07-25,0.00017890625,51.6398625,125.7455375,105.5597375,130.8989875,0.0010148375,15.502564445,46448.0
2024-07-26,0.00019003375,51.6396,120.85345,109.5845375,151.1369125,0.00100845,15.502948182499999,46463.375
2024-07-27,0.00023148714285714286,51.6389,115.5475,112.81877142857142,219.55584285714284,0.0009901999999999999,15.50346263857143,46480.0
2024-07-28,0.00023282875,51.639075,110.5696125,117.356225,210.90392500000002,0.0009947125,15.5039745,46495.625
2024-07-29,0.00024315875,51.6394875,105.8063375,120.741275,218.1462,0.000981,15.50450335625,46510.5
2024-07-30,0.00023464,51.6395,101.40997142857144,123.92745714285715,191.54132857142855,0.0009839142857142858,15.504898937142856,46524.28571428572
2024-07-31,0.0002432525,51.638825,95.9089,136.7703,192.24734999999998,0.00079395,15.50001027,46541.5
2024-08-01,0.00021719333333333334,51.63935,90.45115,151.3007,243.62931666666668,0.0006155333333333334,15.495184606666667,46558.666666666664
2024-08-02,0.0004123175,51.6398,85.881025,153.76635,233.8326875,0.0006134000000000001,15.495625975,46572.875
2024-08-03,0.00023939166666666665,51.639700000000005,81.15018333333335,156.19555,285.56541666666664,0.0006020666666666667,15.495879311666668,46587.666666666664
2024-08-04,0.00019044625000000002,51.6397875,76.14546250000001,160.4575125,267.25925,0.0006103625,15.49619687125,46603.375
2024-08-05,0.0001781725,51.639725,70.92133749999999,164.504175,256.4769625,0.0006034500000000001,15.49657842875,46619.75
2024-08-06,0.000189022,51.63956,66.1498,167.60318,213.33792,0.0006041400000000001,15.496977304000001,46634.6
2024-08-07,0.0001849275,51.6392625,61.1205125,171.818125,227.241425,0.0005867125,15.49736359125,46650.5
2024-08-08,0.000191905,51.639649999999996,56.03231666666667,176.386,259.05285,0.00058535,15.497730820000001,46666.333333333336
2024-08-09,0.0002065175,51.64015,50.9542125,180.5698,247.7132875,0.000586025,15.49818193125,46682.25
2024-08-10,0.00018924857142857144,51.64102857142858,45.97951428571429,184.80222857142857,231.39091428571427,0.0005783428571428572,15.498601888571429,46697.71428571428
2024-08-11,0.0002311,51.641,41.0658,187.34633333333332,255.39683333333332,0.0005664166666666666,15.499130003333333,46713.166666666664
2024-08-12,0.00036459,51.64116666666666,35.96186666666667,191.33001666666667,244.73578333333333,0.0005499,15.499851801666667,46729.166666666664
2024-08-13,0.0003931575,51.641125,31.2457875,196.43302500000001,258.3943375,0.0005417625,15.50054378125,46743.875
2024-08-14,0.0002910625,51.641549999999995,25.7487,198.995825,285.55852500000003,0.0005514000000000001,15.50119909,46761.0
2024-08-15,0.00024564666666666667,51.640966666666664,20.438333333333333,203.9535,266.3849333333333,0.0005428333333333334,15.50163623,46777.666666666664
2024-08-16,0.00024338666666666667,51.6406,15.612783333333333,209.46841666666668,239.2967166666667,0.0005306,15.502086438333334,46792.833333333336
2024-08-17,0.0003619716666666667,51.64105,11.086766666666668,212.62605,236.3597666666667,0.0005219333333333333,15.502826283333334,46807.0
2024-08-18,0.0002726325,51.6408125,6.9921875,219.889975,208.5095875,0.000498575,15.50340241875,46819.875
2024-08-19,0.0003109325,51.6405625,1.5870125,221.655525,223.08794999999998,0.0005148375,15.50400406875,46836.625
2024-08-20,0.00035487999999999996,51.64168333333333,356.92263333333335,225.37408333333335,223.58948333333333,0.00050765,15.504577311666665,46851.333333333336
2024-08-21,0.00029272,51.641422222222225,351.52466666666663,230.47993333333332,179.0316222222222,0.0005062777777777778,15.505166726666667,46868.22222222222
2024-08-22,0.000317455,51.640024999999994,346.724875,238.005875,122.04605000000001,0.000484375,15.505747705,46883.5
2024-08-23,0.000279035,51.63955,341.36255,262.1387,201.59825,0.000639425,15.4994382325,46900.0
2024-08-24,0.00038764125,51.64015,337.0074,267.95195,153.3197,0.0006469125,15.5001574525,46913.625
2024-08-25,0.00033041666666666663,51.63993333333334,331.7755333333333,272.4474111111111,155.8723222222222,0.0006462333333333333,15.50073579,46930.0
2024-08-26,0.00046567571428571426,51.6397,327.33725714285714,275.22324285714285,155.68832857142857,0.0006368428571428571,15.501203998571428,46944.0
2024-08-27,-0.0001933714285714286,51.640614285714285,322.2517142857143,275.99264285714287,174.5411142857143,0.0006268857142857143,15.50146809,46959.857142857145
2024-08-28,-0.000423514,51.63922,317.42912,291.21056,147.3397,0.00094786,15.495075014,46975.0
2024-08-29,0.00034508,51.64066666666667,312.0106666666667,294.99263333333334,132.05468333333332,0.0011211,15.491001713333333,46992.0
2024-08-30,0.00028459857142857145,51.64024285714286,307.0756571428571,299.2197142857143,140.66451428571426,0.0011204714285714286,15.491421804285713,47007.42857142857
2024-08-31,0.00036019800000000005,51.640660000000004,302.04888,301.41868,128.73134,0.0011166,15.491912314,47023.2
2024-09-01,0.000281526,51.64037,297.51905999999997,307.00939,121.18978999999999,0.00111883,15.492317893000001,47037.4
2024-09-02,0.0002406142857142857,51.64078571428571,292.6432857142857,310.93594285714283,152.77472857142857,0.0011111142857142856,15.492752631428571,47052.57142857143
2024-09-03,0.00017566,51.6392625,287.5968,315.0719,107.9019,0.0011061,15.49312070375,47068.5
2024-09-04,0.00029460999999999995,51.63937142857143,282.8544428571428,319.30181428571433,127.24964285714285,0.0011165285714285714,15.493635925714285,47083.28571428572
2024-09-05,0.00023096285714285713,51.63968571428571,277.84611428571424,323.14527142857145,111.8017142857143,0.0011189571428571428,15.494065879999999,47099.0
2024-09-06,-0.00039108400000000004,51.641819999999996,272.50732,312.364,115.43994,0.00077766,15.4861512,47115.8
2024-09-07,0.000239202,51.63874,267.49338,323.24922,130.53088,0.0007286,15.486746058,47131.4
2024-09-08,-9.42555555555553e-06,51.63706666666667,262.8196111111111,328.2432222222222,103.28238888888889,0.0007317222222222223,15.487265682222223,47146.11111111111
2024-09-09,-3.3556250000000006e-05,51.6376,258.0156,332.7192875,110.4044125,0.0007714875,15.48786113,47161.125
2024-09-10,-5.866714285714286e-05,51.63691428571428,252.9966857142857,336.3528428571429,106.46402857142857,0.0007712714285714286,15.488524305714284,47176.857142857145
2024-09-11,0.0005155585714285714,51.63704285714285,247.99717142857142,340.54442857142857,86.39361428571429,0.0007367714285714285,15.489222111428571,47192.57142857143
2024-09-12,0.00036435222222222226,51.63701111111111,242.87335555555558,344.3652222222222,66.62224444444445,0.000758411111111111,15.489805257777777,47208.666666666664
2024-09-13,0.000324005,51.637425,238.280375,347.79622500000005,83.046325,0.0007528999999999999,15.4903897925,47223.0
2024-09-14,0.0003190033333333333,51.6377,233.10931666666667,352.1331666666667,92.02403333333332,0.0007447333333333333,15.491033026666665,47239.166666666664
2024-09-15,0.00026122,51.636925,228.3428,355.4803625,79.666325,0.000752275,15.4914477125,47254.125
2024-09-16,-2.7855555555555576e-05,51.637100000000004,223.38626666666667,239.0367333333333,69.49106666666665,0.000744811111111111,15.49184805888889,47269.666666666664
2024-09-17,0.00023772142857142857,51.63755714285714,218.44674285714285,2.5024571428571427,219.25094285714286,0.0007491142857142857,15.49239748142857,47285.142857142855
2024-09-18,0.0002808225,51.637375,213.7242875,5.33895,266.34365,0.0007501375000000001,15.49295348125,47300.0
2024-09-19,0.00021471166666666667,51.637499999999996,208.05745000000002,9.758183333333333,308.58026666666666,0.00073785,15.493386885,47317.833333333336
2024-09-20,0.00021356,51.63785000000001,203.67463333333333,13.0563,265.60743333333335,0.000744,15.493768628333333,47331.5
2024-09-21,0.00025424714285714287,51.63844285714286,198.92521428571428,16.438485714285715,156.52617142857142,0.0007416428571428572,15.494182091428572,47346.28571428572
2024-09-22,0.00027956777777777777,51.638133333333336,193.12494444444442,19.84477777777778,215.03527777777776,0.000737511111111111,15.494671301111111,47364.444444444445
2024-09-23,0.0005741544444444445,51.63724444444444,188.9317,22.59497777777778,221.34156666666664,0.0007373,15.495134575555555,47377.666666666664
2024-09-24,0.00026883571428571427,51.63778571428571,184.10684285714288,26.884600000000002,192.40125714285713,0.0007170571428571429,15.49563175857143,47392.71428571428
2024-09-25,0.00036462125,51.6385,178.7680875,30.758525,191.5842,0.0007047375,15.4964591475,47409.375
2024-09-26,0.00030127625,51.6376125,173.495875,34.7559125,191.4250875,0.0007193375,15.49723687625,47426.0
2024-09-27,0.0003324071428571429,51.63701428571428,169.06215714285713,37.366342857142854,225.81365714285715,0.0007029714285714285,15.497794121428571,47439.857142857145
2024-09-28,0.000409375,51.6376,163.84488333333334,40.0534,205.9792,0.0007120666666666667,15.498449935000002,47456.166666666664
2024-09-29,0.00023962750000000002,51.6376125,158.9818125,43.1695,207.0824875,0.0007072125,15.49887033625,47471.375
2024-09-30,0.0002742611111111111,51.63773333333333,153.45635555555555,47.11783333333333,184.99361111111114,0.0007230555555555556,15.499620001111111,47488.666666666664
2024-10-01,0.00030635,51.63744285714286,149.10197142857143,49.961414285714284,183.31218571428573,0.0007220714285714286,15.500111678571429,47502.28571428572
2024-10-02,0.00022497125,51.636962499999996,144.1398125,54.770425,184.3416375,0.000719175,15.50058918875,47517.75
2024-10-03,0.00035317875,51.6359,138.7224375,57.3547875,212.3575375,0.0006958875,15.501249605,47534.875
2024-10-04,-0.0024371833333333335,51.637033333333335,133.83295555555554,52.26826666666667,138.72926666666666,0.0008038222222222222,15.496058484444445,47550.0
2024-10-05,0.000332195,51.63731666666666,129.21161666666669,39.0468,242.98581666666666,0.0009137166666666666,15.492450215,47564.666666666664
2024-10-06,0.00032221875,51.63735,124.2940375,41.901025,157.6216875,0.00091235,15.493074245,47580.0
2024-10-07,0.000329291,51.63853,119.02358,46.302550000000004,201.38303,0.00091471,15.493768477,47596.4
2024-10-08,0.000505086,51.63761999999999,113.66938,50.396159999999995,259.19804,0.00092716,15.494780373999998,47613.2
2024-10-09,0.00030950666666666667,51.638,108.96476666666666,54.94238333333334,194.67175,0.0008871333333333333,15.495347878333334,47628.0
2024-10-10,0.00037408888888888883,51.638955555555555,103.85445555555556,57.57352222222222,174.29483333333334,0.0008939888888888889,15.496100165555553,47644.0
2024-10-11,0.00048308833333333333,51.63788333333334,98.67375,60.98291666666666,211.64968333333334,0.0008979666666666667,15.496966651666666,47660.333333333336
2024-10-12,0.00034221400000000003,51.63778,94.82446,62.33006,254.76608000000002,0.0009176999999999999,15.497475416,47672.4
2024-10-13,0.000264386,51.638200000000005,88.28226,67.13574,207.04858,0.00091466,15.498079842000001,47692.8
2024-10-14,-0.00042919571428571423,51.63842857142857,84.39967142857142,69.68730000000001,177.38078571428574,0.0009036714285714286,15.498257772857142,47704.857142857145
2024-10-15,0.00023912833333333337,51.63861666666667,79.36218333333333,71.81815,126.1309,0.0009294,15.49890155,47720.666666666664
2024-10-16,9.921571428571428e-05,51.63945714285715,73.79932857142856,75.73988571428572,132.7121,0.0009368428571428571,15.499356284285714,47738.0
2024-10-17,0.00029649,51.63861666666667,69.01965,78.39346666666667,199.10945,0.0009247,15.499881924999999,47753.166666666664
2024-10-18,0.000203726,51.63956,64.43346,81.88028,140.73236,0.00094696,15.500272872,47767.4
2024-10-19,-0.00012685888888888886,51.63807777777778,59.47587777777778,85.10226666666667,209.84137777777778,0.0009238777777777778,15.500657823333333,47783.0
2024-10-20,0.00024536375,51.6398625,54.279925,88.951725,192.102275,0.0009261625,15.50117606375,47799.125
2024-10-21,0.00022903000000000002,51.64024285714286,48.951971428571426,92.04812857142858,247.10568571428573,0.0009223857142857143,15.501636805714286,47816.0
2024-10-22,0.0002597283333333333,51.64026666666666,44.64675,93.78843333333333,288.5405166666667,0.0009283333333333334,15.502049723333334,47829.333333333336
2024-10-23,0.00023503,51.64058333333333,39.840583333333335,98.19539999999999,299.54605,0.0009295666666666666,15.502503958333334,47844.333333333336
2024-10-24,0.000367666,51.6398,35.01474,100.75548,158.95902,0.0009126399999999999,15.503141285999998,47859.4
2024-10-25,0.0005122133333333333,51.63997777777777,29.366955555555553,104.40053333333334,238.11606666666668,0.0009127444444444444,15.503945983333333,47877.22222222222
2024-10-26,0.000289296,51.64126,24.821,108.43974,187.198,0.00091368,15.504513750000001,47891.4
2024-10-27,0.00043076999999999997,51.64002222222222,19.764477777777778,109.89948888888888,248.15823333333336,0.0009188333333333332,15.505469002222222,47907.22222222222
2024-10-28,0.00044000999999999996,51.63972,14.524099999999999,112.65254,189.05444,0.00090776,15.50646213,47923.6
2024-10-29,0.00043901599999999997,51.64028,10.19974,114.82056,305.77862,0.00090036,15.50731989,47937.2
2024-10-30,0.000406125,51.639900000000004,5.590433333333333,117.87540000000001,286.02865,0.0008961666666666666,15.508054576666666,47951.666666666664
2024-10-31,0.00025553,51.639242857142854,103.7364,121.47728571428571,275.44194285714286,0.0009049857142857143,15.508673158571428,47966.42857142857
2024-11-01,0.00017042428571428575,51.63907142857143,355.5709285714286,125.18780000000001,232.9224142857143,0.0009018714285714286,15.509388942857143,47983.0
2024-11-02,0.0004102514285714286,51.64017142857143,350.1689142857143,129.0096,241.58485714285715,0.0009070714285714286,15.510169207142857,47999.857142857145
2024-11-03,0.00033058999999999996,51.64001666666667,345.2031666666667,131.97088333333332,249.50046666666665,0.0008935666666666666,15.51079312,48015.333333333336
2024-11-04,0.00033308999999999997,51.639714285714284,340.0342142857143,136.4245857142857,176.35198571428572,0.0008973857142857143,15.51154195142857,48031.57142857143
2024-11-05,0.0002803875,51.639725,335.2488,139.46337499999998,289.797275,0.000892775,15.512077365,48046.5
2024-11-06,0.00023464166666666667,51.64001666666667,330.56646666666666,143.137,219.46833333333333,0.0008991833333333333,15.512687801666667,48061.166666666664
2024-11-07,0.00022609285714285716,51.64,325.6268285714286,144.2407,294.0002285714286,0.0008919,15.513154264285715,48076.57142857143
2024-11-08,0.000242894,51.64036,321.5589,147.41384,179.83686,0.0008988599999999999,15.513553056000001,48089.2
2024-11-09,5.151666666666629e-06,51.63956666666667,316.01596666666666,156.75095000000002,272.5451166666667,0.0008967333333333334,15.512481893333332,48106.666666666664
2024-11-10,0.0002736757142857143,51.639942857142856,310.4028714285714,159.99255714285715,239.72001428571429,0.0008435428571428571,15.51318532142857,48124.142857142855
2024-11-11,0.00024471599999999997,51.63944,306.13168,162.92216000000002,251.79157999999998,0.00084688,15.513563646,48137.6
2024-11-12,0.00021644428571428572,51.63915714285714,300.85165714285716,166.6311142857143,235.86014285714285,0.0008412571428571428,15.51400238142857,48154.142857142855
2024-11-13,-0.010423114,51.63338,296.11526,163.57739999999998,222.46104,0.00094486,15.508404786,48169.0
2024-11-14,-0.0018163449999999998,51.63941666666667,290.2486833333333,211.66136666666668,222.00158333333331,0.0007426833333333333,15.495735033333332,48187.166666666664
2024-11-15,0.00017608,51.640566666666665,285.77018333333336,219.04333333333332,185.12345000000002,0.0007768499999999999,15.498177353333332,48201.166666666664
2024-11-16,0.00018815,51.6409,281.26397142857144,223.17565714285715,235.01,0.0007594428571428572,15.498550245714286,48215.28571428572
2024-11-17,0.0001762,51.64015,275.96695,228.0304,182.79005,0.00074605,15.49894638,48232.0
2024-11-18,0.00017358857142857145,51.64057142857143,270.5323285714286,232.6791142857143,183.09737142857142,0.0007298428571428571,15.499333124285714,48248.857142857145
2024-11-19,0.000193885,51.63998333333333,266.5908,235.25658333333334,183.87609999999998,0.0007360833333333334,15.499637918333335,48261.333333333336
2024-11-20,-0.0010435099999999999,51.639959999999995,260.71709999999996,247.59045999999998,145.02464,0.00076212,15.497150252,48279.8
2024-11-21,0.00019765857142857142,51.64017142857143,256.50447142857143,251.9565714285714,138.826,0.0007526857142857142,15.497775697142856,48292.71428571428
2024-11-22,0.0002896463636363636,51.64015454545454,251.27010909090907,256.28389999999996,176.15412727272727,0.0007452363636363636,15.498384784545454,48309.09090909091
2024-11-23,0.00027674625,51.640137499999994,245.6135125,260.13625,164.9946625,0.0007487,15.49902504875,48327.0
2024-11-24,0.0002906942857142857,51.640142857142855,240.794,263.3245142857143,141.13628571428572,0.0007462714285714286,15.499653480000001,48342.142857142855
2024-11-25,0.00017414200000000001,51.63886,237.52347999999998,265.38304,134.61658,0.00072906,15.499612106,48352.4
2024-11-26,0.0002524166666666667,51.63856666666667,230.66233333333332,270.728,89.29276666666665,0.0006816333333333333,15.499017686666667,48374.0
2024-11-27,0.0002289,51.638850000000005,225.55214999999998,274.58770000000004,85.43285,0.00068565,15.4994908825,48390.0
2024-11-28,0.000226766,51.638999999999996,220.19786,277.52084,138.33454,0.00068246,15.499997888000001,48406.6
2024-11-29,0.00020975333333333332,51.63888333333333,215.18971666666667,281.7291833333333,113.98296666666666,0.0006798166666666666,15.500401953333332,48422.333333333336
2024-11-30,0.000198978,51.63851999999999,210.57182000000003,285.84394000000003,106.77451999999998,0.00068468,15.500749454000001,48436.8
2024-12-01,0.00018930000000000002,51.63866,205.94896,289.6799,127.03486000000001,0.00069288,15.501090479999998,48451.2
2024-12-02,0.0001795742857142857,51.63851428571429,201.29705714285714,293.14112857142857,140.0898857142857,0.0006928714285714286,15.501415952857142,48465.71428571428
2024-12-03,0.00017609714285714287,51.63804285714286,196.25761428571428,297.3163285714286,157.28424285714286,0.0006929285714285714,15.501761372857143,48481.42857142857
2024-12-04,0.00017692857142857142,51.638014285714284,191.3378285714286,300.9207714285714,143.17377142857143,0.0006973571428571429,15.502104687142857,48496.857142857145
2024-12-05,0.00017908,51.6376,185.49192,305.80548,122.83868,0.00070338,15.502555516000001,48515.2
2024-12-06,0.0001814975,51.638475,180.3448,309.08820000000003,140.375,0.00069365,15.5029627725,48531.25
2024-12-07,0.0001816725,51.638149999999996,175.5619,313.618575,125.298975,0.0006866750000000001,15.5033220225,48546.25
2024-12-08,0.00019186,51.63803333333333,171.56904999999998,316.43575000000004,92.993,0.00070025,15.503630716666668,48558.833333333336
2024-12-09,0.00019636,51.638075,165.508925,320.984425,105.49392499999999,0.000702625,15.504116,48577.75
2024-12-10,0.000182556,51.637699999999995,160.95752,325.15906,100.5111,0.0007137000000000001,15.504502195999999,48592.0
2024-12-11,0.00019095714285714284,51.63842857142857,156.55424285714284,328.68174285714286,117.5312,0.0007153428571428572,15.504855474285716,48605.71428571428
2024-12-12,0.00017789,51.63836,150.85894000000002,333.57066,89.63838,0.0007342200000000001,15.505260204,48623.6
2024-12-13,0.00016632000000000002,51.637480000000004,146.06276,337.65206,88.25537999999999,0.00074542,15.505561445999998,48638.6
2024-12-14,0.0001587575,51.637925,141.27265,342.31005,115.2407,0.0007444250000000001,15.505846715,48653.5
2024-12-15,0.000161715,51.6379125,136.312425,345.714425,74.612325,0.00075355,15.50615935375,48669.125
2024-12-16,0.00015958666666666664,51.638083333333334,130.83643333333333,349.3088333333333,104.27923333333335,0.00075225,15.506513366666667,48686.166666666664
2024-12-17,0.00016794000000000002,51.63832857142857,126.33811428571428,352.23274285714285,84.99069999999999,0.0007536142857142858,15.506846938571428,48700.28571428572
2024-12-18,0.0001527225,51.638275,122.707275,354.608175,48.566275,0.00077015,15.507084965,48711.75
2024-12-19,0.00016211,51.6384625,116.6620625,358.2868625,58.265299999999996,0.000786825,15.507480465,48730.625
2024-12-20,0.00013202,51.6388,112.0913,2.3134666666666663,267.90409999999997,0.0007817000000000001,15.507689366666668,48745.0
2024-12-21,0.00013851125,51.639987500000004,106.944875,5.5435375,195.6983,0.00080045,15.508032455,48760.875
2024-12-22,0.0009087075,51.639625,101.693825,268.847575,136.147075,0.000504675,15.50090754,48777.25
2024-12-23,0.000238682,51.63724,97.07174,358.37038,103.33175999999999,0.00051696,15.501163656,48791.8
2024-12-24,0.00023144,51.638220000000004,92.19038,1.73198,200.45965999999999,0.00052598,15.501618644,48807.0
2024-12-25,0.00023747000000000002,51.638075,87.50545,4.6332249999999995,277.298675,0.000558425,15.502081177500001,48822.0
2024-12-26,0.00034565400000000004,51.637919999999994,82.12106,8.29282,311.44561999999996,0.00056854,15.502688111999998,48838.8
2024-12-27,0.00026055,51.6383,77.2935,11.88305,348.22945,0.0005809750000000001,15.503138515,48854.0
2024-12-28,0.0002643433333333333,51.63895,72.714,15.95825,220.29358333333334,0.0005808333333333333,15.503643776666665,48868.166666666664
2024-12-29,0.00025752,51.638957142857144,67.26098571428572,21.0632,221.6257857142857,0.0005826428571428572,15.504219737142858,48885.142857142855
2024-12-30,0.00026784142857142856,51.639157142857144,62.58187142857143,24.487814285714283,192.6504,0.0005891000000000001,15.504732967142857,48899.857142857145
2024-12-31,0.00026677166666666665,51.63998333333333,58.09678333333333,27.95715,114.74468333333334,0.0005927166666666667,15.50522369,48913.833333333336
